"NoTicket";"CodeCli";"Caissier";"DateTicket"
21330;"MAHEN";5;15/7/2021 00:00:00
21331;"DIGOM";6;15/7/2021 00:00:00
21332;"DAMIC";4;18/7/2021 00:00:00
21333;"JAHEN";3;18/7/2021 00:00:00
21334;"MIGAL";4;19/7/2021 00:00:00
21335;"DAMIC";3;20/7/2021 00:00:00
21336;"SYLEJ";5;21/7/2021 00:00:00
21337;"ERDUR";9;23/7/2021 00:00:00
21338;"YAKAL";3;25/7/2021 00:00:00
21339;"NAROU";4;26/7/2021 00:00:00
21340;"CHLEC";1;27/7/2021 00:00:00
21341;"JELAZ";4;28/7/2021 00:00:00
21342;"OLLHE";4;29/7/2021 00:00:00
21343;"BEAVI";4;29/7/2021 00:00:00
21344;"ALCLE";10;1/7/2021 00:00:00
21345;"CHLEC";9;4/7/2021 00:00:00
21346;"REDAN";6;3/7/2021 00:00:00
21347;"JEBOR";10;4/7/2021 00:00:00
21348;"CLJAN";3;5/7/2021 00:00:00
21349;"ERDEB";4;8/7/2021 00:00:00
21350;"THLOP";12;9/7/2021 00:00:00
21351;"CHLAB";5;10/7/2021 00:00:00
21352;"CLJAN";1;11/7/2021 00:00:00
21353;"PHFRO";6;11/7/2021 00:00:00
21354;"ALCLE";6;12/7/2021 00:00:00
21355;"ARBLA";3;15/7/2021 00:00:00
21356;"MAHEN";6;16/7/2021 00:00:00
21357;"NISCH";1;17/7/2021 00:00:00
21358;"CHGRA";11;18/7/2021 00:00:00
21359;"CECHA";10;19/7/2021 00:00:00
21360;"JEHOU";9;22/7/2021 00:00:00
21361;"ANLER";7;23/7/2021 00:00:00
21362;"JEHOU";6;24/7/2021 00:00:00
21363;"LODUR";4;24/7/2021 00:00:00
21364;"LODUR";4;25/7/2021 00:00:00
21365;"JEMAN";3;26/7/2021 00:00:00
21366;"ANLER";4;29/7/2021 00:00:00
21367;"ARBLA";1;30/7/2021 00:00:00
21368;"ARBLA";5;31/7/2021 00:00:00
21369;"CHDUD";4;1/7/2021 00:00:00
21370;"DACOU";4;2/7/2021 00:00:00
21371;"SYBEL";7;5/7/2021 00:00:00
21372;"PAMAR";3;6/7/2021 00:00:00
21373;"BEAVI";6;6/7/2021 00:00:00
21374;"CEGRO";1;7/7/2021 00:00:00
21375;"CHGRA";1;8/7/2021 00:00:00
21376;"ALCLE";4;9/7/2021 00:00:00
21377;"MAHEN";1;12/7/2021 00:00:00
21378;"JEMAN";6;13/7/2021 00:00:00
21379;"JEBOR";5;15/7/2021 00:00:00
21380;"ERSWE";6;15/7/2021 00:00:00
21381;"CHDUD";4;16/7/2021 00:00:00
21382;"NISCH";12;19/7/2021 00:00:00
21383;"PAJAL";11;19/7/2021 00:00:00
21384;"MIGAL";4;20/7/2021 00:00:00
21385;"JELEC";7;21/7/2021 00:00:00
21386;"CHGRA";1;22/7/2021 00:00:00
21387;"PILED";10;23/7/2021 00:00:00
21388;"LODUR";1;26/7/2021 00:00:00
21389;"CHROU";9;27/7/2021 00:00:00
21390;"MALAZ";7;28/7/2021 00:00:00
21391;"ERSWE";3;1/7/2021 00:00:00
21392;"BEGAL";7;2/7/2021 00:00:00
21393;"CHBOT";1;2/7/2021 00:00:00
21394;"PAJAL";6;5/7/2021 00:00:00
21395;"ARBLA";5;6/7/2021 00:00:00
21396;"ALCLE";1;7/7/2021 00:00:00
21397;"GAANT";4;8/7/2021 00:00:00
21398;"ALCLE";1;9/7/2021 00:00:00
21399;"CHROU";6;12/7/2021 00:00:00
21400;"GAANT";4;13/7/2021 00:00:00
21401;"CHGRA";7;15/7/2021 00:00:00
21402;"CLJAN";5;15/7/2021 00:00:00
21403;"GAANT";3;15/7/2021 00:00:00
21404;"SORET";7;16/7/2021 00:00:00
21405;"CHBES";4;19/7/2021 00:00:00
21406;"MOELK";9;19/7/2021 00:00:00
21407;"CHBES";1;21/7/2021 00:00:00
21408;"JALES";4;22/7/2021 00:00:00
21409;"REDAN";3;23/7/2021 00:00:00
21410;"LOHUE";4;26/7/2021 00:00:00
21411;"PHFRO";4;27/7/2021 00:00:00
21412;"JEMAN";3;28/7/2021 00:00:00
21413;"FAMAR";9;28/7/2021 00:00:00
21414;"J텍AZ";3;29/7/2021 00:00:00
21415;"CLJAN";5;30/7/2021 00:00:00
21416;"JAHEN";1;2/7/2021 00:00:00
21417;"ERSWE";7;3/7/2021 00:00:00
21418;"VIVAN";7;4/7/2021 00:00:00
21419;"ERDEB";4;5/7/2021 00:00:00
21420;"PILED";4;6/7/2021 00:00:00
21421;"J텍AZ";1;9/7/2021 00:00:00
21422;"FAMAR";1;10/7/2021 00:00:00
21423;"OLFER";7;10/7/2021 00:00:00
21424;"ERDEB";4;11/7/2021 00:00:00
21425;"ANLER";4;12/7/2021 00:00:00
21426;"CHLAB";4;13/7/2021 00:00:00
21427;"ARBLA";3;16/7/2021 00:00:00
21428;"ALCLE";3;17/7/2021 00:00:00
21429;"ALAUV";4;18/7/2021 00:00:00
21430;"PAJAL";4;19/7/2021 00:00:00
21431;"PHFRO";7;20/7/2021 00:00:00
21432;"C텏AU";6;23/7/2021 00:00:00
21433;"CHLEC";1;23/7/2021 00:00:00
21434;"LOHUE";3;24/7/2021 00:00:00
21435;"BETIZ";7;25/7/2021 00:00:00
21436;"SORET";4;26/7/2021 00:00:00
21437;"CLHAL";6;27/7/2021 00:00:00
21438;"PAJAL";6;30/7/2021 00:00:00
21439;"JEMAN";1;1/7/2021 00:00:00
21440;"C텏AU";5;2/7/2021 00:00:00
21441;"MAEUS";5;3/7/2021 00:00:00
21442;"JEBOR";4;4/7/2021 00:00:00
21443;"ARBLA";1;4/7/2021 00:00:00
21444;"FAMAR";3;7/7/2021 00:00:00
21445;"ERBEC";4;8/7/2021 00:00:00
21446;"DIDAL";1;8/7/2021 00:00:00
21447;"SEADI";3;9/7/2021 00:00:00
21448;"SAJOU";5;10/7/2021 00:00:00
21449;"ZOHED";3;10/7/2021 00:00:00
21450;"CHLEC";4;11/7/2021 00:00:00
21451;"PHFRO";3;15/7/2021 00:00:00
21452;"SYLEJ";5;15/7/2021 00:00:00
21453;"C텏AU";9;15/7/2021 00:00:00
21454;"PABEL";3;16/7/2021 00:00:00
21455;"ERSWE";4;17/7/2021 00:00:00
21456;"DELE ";1;17/7/2021 00:00:00
21457;"PASAU";4;18/7/2021 00:00:00
21458;"J텍AZ";4;21/7/2021 00:00:00
21459;"MAEUS";4;21/7/2021 00:00:00
21460;"REDAN";10;22/7/2021 00:00:00
21461;"BEAVI";9;23/7/2021 00:00:00
21462;"ERSWE";6;24/7/2021 00:00:00
21463;"JEMAN";10;24/7/2021 00:00:00
21464;"CHLEC";3;25/7/2021 00:00:00
21465;"CLHAL";4;28/7/2021 00:00:00
21466;"JEHOU";12;28/7/2021 00:00:00
21467;"PHFRO";5;29/7/2021 00:00:00
21468;"ALAUV";1;30/7/2021 00:00:00
21469;"ALDUV";6;30/7/2021 00:00:00
21470;"MAEUS";6;31/7/2021 00:00:00
21471;"GESEF";3;1/7/2021 00:00:00
21472;"CHLEC";6;4/7/2021 00:00:00
21473;"ERBEC";1;4/7/2021 00:00:00
21474;"BETIZ";11;5/7/2021 00:00:00
21475;"MOELK";10;6/7/2021 00:00:00
21476;"PASAU";9;6/7/2021 00:00:00
21477;"NAROU";7;7/7/2021 00:00:00
21478;"ERDEB";6;8/7/2021 00:00:00
21479;"VIVAN";4;8/7/2021 00:00:00
21480;"MOELK";4;11/7/2021 00:00:00
21481;"ZOHED";3;12/7/2021 00:00:00
21482;"DIDAL";4;13/7/2021 00:00:00
21483;"ALCLE";1;13/7/2021 00:00:00
21484;"CHLEC";5;15/7/2021 00:00:00
21485;"CHLEC";4;15/7/2021 00:00:00
21486;"NISCH";4;15/7/2021 00:00:00
21487;"RARAB";7;18/7/2021 00:00:00
21488;"PABEL";3;19/7/2021 00:00:00
21489;"OLLHE";6;19/7/2021 00:00:00
21490;"CHBON";1;20/7/2021 00:00:00
21491;"RIDAB";1;21/7/2021 00:00:00
21492;"GESEF";4;22/7/2021 00:00:00
21493;"GESEF";1;22/7/2021 00:00:00
21494;"CLJAN";6;25/7/2021 00:00:00
21495;"C텏AU";5;26/7/2021 00:00:00
21496;"ALAUV";6;26/7/2021 00:00:00
21497;"PASAU";4;27/7/2021 00:00:00
21498;"CLJAN";12;28/7/2021 00:00:00
21499;"OLFER";11;28/7/2021 00:00:00
21500;"ARBLA";4;29/7/2021 00:00:00
21501;"ERDUR";7;2/7/2021 00:00:00
21502;"YAKAL";1;3/7/2021 00:00:00
21503;"BEAVI";10;3/7/2021 00:00:00
21504;"LEHOS";1;4/7/2021 00:00:00
21505;"BRLEH";9;5/7/2021 00:00:00
21506;"J텍AZ";7;5/7/2021 00:00:00
21507;"C텏AU";3;6/7/2021 00:00:00
21508;"SAJOU";7;9/7/2021 00:00:00
21509;"BETIZ";1;9/7/2021 00:00:00
21510;"DACOU";6;10/7/2021 00:00:00
21511;"ERSWE";5;11/7/2021 00:00:00
21512;"CHLEC";1;12/7/2021 00:00:00
21513;"GESEF";4;12/7/2021 00:00:00
21514;"PHFRO";1;13/7/2021 00:00:00
21515;"VIVAN";6;16/7/2021 00:00:00
21516;"REDAN";4;16/7/2021 00:00:00
21517;"CHNIE";7;17/7/2021 00:00:00
21518;"JEBOR";5;18/7/2021 00:00:00
21519;"CLJAN";3;18/7/2021 00:00:00
21520;"DIGOM";7;19/7/2021 00:00:00
21521;"J텍AZ";4;20/7/2021 00:00:00
21522;"MOELK";9;23/7/2021 00:00:00
21523;"PILED";1;23/7/2021 00:00:00
21524;"CHLEC";4;24/7/2021 00:00:00
21525;"DACOU";3;25/7/2021 00:00:00
21526;"JEHOU";4;25/7/2021 00:00:00
21527;"JEHOU";4;26/7/2021 00:00:00
21528;"DIGOM";3;27/7/2021 00:00:00
21529;"CHDUD";9;27/7/2021 00:00:00
21530;"GECAU";3;30/7/2021 00:00:00
21531;"JEBOR";5;31/7/2021 00:00:00
21532;"JAHEN";1;1/7/2021 00:00:00
21533;"ARBLA";7;1/7/2021 00:00:00
21534;"MOELK";7;2/7/2021 00:00:00
21535;"CLHAL";4;3/7/2021 00:00:00
21536;"C텏AU";4;3/7/2021 00:00:00
21537;"CLJAN";1;6/7/2021 00:00:00
21538;"CHBES";1;7/7/2021 00:00:00
21539;"CHBES";7;7/7/2021 00:00:00
21540;"MIGAL";4;8/7/2021 00:00:00
21541;"JAHEN";4;9/7/2021 00:00:00
21542;"REDAN";4;10/7/2021 00:00:00
21543;"JEMAN";3;10/7/2021 00:00:00
21544;"CHNIE";3;13/7/2021 00:00:00
21545;"MIGAL";4;15/7/2021 00:00:00
21546;"LOHUE";4;15/7/2021 00:00:00
21547;"ZOHED";7;15/7/2021 00:00:00
21548;"PAMAR";6;16/7/2021 00:00:00
21549;"NISCH";1;16/7/2021 00:00:00
21550;"CHBES";3;17/7/2021 00:00:00
21551;"CHLAB";7;20/7/2021 00:00:00
21552;"FAMAR";4;21/7/2021 00:00:00
21553;"SYBEL";6;21/7/2021 00:00:00
21554;"MAEUS";6;22/7/2021 00:00:00
21555;"GAANT";1;23/7/2021 00:00:00
21556;"SORET";5;23/7/2021 00:00:00
21557;"MIGAL";5;24/7/2021 00:00:00
21558;"NAROU";4;27/7/2021 00:00:00
21559;"VIVAN";1;27/7/2021 00:00:00
21560;"JAHEN";3;28/7/2021 00:00:00
21561;"ALCLE";4;29/7/2021 00:00:00
21562;"CHBON";1;30/7/2021 00:00:00
21563;"CHDUD";3;30/7/2021 00:00:00
21564;"SELAU";5;31/7/2021 00:00:00
21565;"CHLAB";7;3/7/2021 00:00:00
21566;"SYBEL";3;3/7/2021 00:00:00
21567;"RARAB";4;4/7/2021 00:00:00
21568;"NAROU";1;5/7/2021 00:00:00
21569;"PABEL";11;5/7/2021 00:00:00
21570;"ERDEB";12;6/7/2021 00:00:00
21571;"BETIZ";6;7/7/2021 00:00:00
21572;"NAROU";7;10/7/2021 00:00:00
21573;"LOHUE";1;10/7/2021 00:00:00
21574;"GESEF";3;11/7/2021 00:00:00
21575;"C텏AU";4;12/7/2021 00:00:00
21576;"PAMAR";4;12/7/2021 00:00:00
21577;"VIGUI";3;13/7/2021 00:00:00
21578;"CEGRO";7;15/7/2021 00:00:00
21579;"ANLER";7;15/7/2021 00:00:00
21580;"NAROU";3;17/7/2021 00:00:00
21581;"JEMAN";4;18/7/2021 00:00:00
21582;"C텏AU";6;19/7/2021 00:00:00
21583;"NOBEL";9;19/7/2021 00:00:00
21584;"SORET";4;20/7/2021 00:00:00
21585;"ERSWE";6;21/7/2021 00:00:00
21586;"CHLAB";4;21/7/2021 00:00:00
21587;"J텍AZ";3;24/7/2021 00:00:00
21588;"CHBES";9;25/7/2021 00:00:00
21589;"SEADI";7;25/7/2021 00:00:00
21590;"OLLHE";1;26/7/2021 00:00:00
21591;"NOBEL";4;27/7/2021 00:00:00
21592;"MOELK";6;28/7/2021 00:00:00
21593;"FAMAR";4;28/7/2021 00:00:00
21594;"ALAUV";7;1/7/2021 00:00:00
21595;"PAJAL";7;2/7/2021 00:00:00
21596;"CHLEC";3;2/7/2021 00:00:00
21597;"ARBLA";5;3/7/2021 00:00:00
21598;"ERSWE";6;4/7/2021 00:00:00
21599;"RIDAN";3;4/7/2021 00:00:00
21600;"CHGRA";4;5/7/2021 00:00:00
21601;"SYLEJ";6;8/7/2021 00:00:00
21602;"ALDUV";7;9/7/2021 00:00:00
21603;"MICOL";7;9/7/2021 00:00:00
21604;"ANLER";4;10/7/2021 00:00:00
21605;"MAEUS";7;11/7/2021 00:00:00
21606;"JEHOU";1;11/7/2021 00:00:00
21607;"FAMAR";1;12/7/2021 00:00:00
21608;"CLJAN";4;15/7/2021 00:00:00
21609;"ARBLA";7;15/7/2021 00:00:00
21610;"HALER";6;16/7/2021 00:00:00
21611;"YATAN";5;17/7/2021 00:00:00
21612;"BETIZ";3;18/7/2021 00:00:00
21613;"RIDAB";7;18/7/2021 00:00:00
21614;"DIDAL";7;19/7/2021 00:00:00
21615;"REDAN";9;22/7/2021 00:00:00
21616;"ANLER";10;22/7/2021 00:00:00
21617;"SEADI";4;23/7/2021 00:00:00
21618;"ANLER";3;24/7/2021 00:00:00
21619;"ERDUR";1;24/7/2021 00:00:00
21620;"SYBEL";9;25/7/2021 00:00:00
21621;"SYBEL";6;26/7/2021 00:00:00
21622;"ARBLA";3;29/7/2021 00:00:00
21623;"DAMIC";12;29/7/2021 00:00:00
21624;"CHBES";1;30/7/2021 00:00:00
21625;"JEMAN";3;31/7/2021 00:00:00
21626;"CHROU";4;31/7/2021 00:00:00
21627;"SELAU";4;1/7/2021 00:00:00
21628;"JAHEN";1;2/7/2021 00:00:00
21629;"MAEUS";3;2/7/2021 00:00:00
21630;"DIGOM";3;5/7/2021 00:00:00
21631;"ARBLA";5;6/7/2021 00:00:00
21632;"JELEC";7;7/7/2021 00:00:00
21633;"LOHUE";4;7/7/2021 00:00:00
21634;"NAROU";11;8/7/2021 00:00:00
21635;"CLJAN";1;9/7/2021 00:00:00
21636;"OLLHE";4;9/7/2021 00:00:00
21637;"MOELK";6;12/7/2021 00:00:00
21638;"OLFER";5;13/7/2021 00:00:00
21639;"ANLER";9;13/7/2021 00:00:00
21640;"CLHAL";1;15/7/2021 00:00:00
21641;"JEBOR";6;15/7/2021 00:00:00
21642;"ERDEB";6;16/7/2021 00:00:00
21643;"REDAN";7;16/7/2021 00:00:00
21644;"DACOU";1;19/7/2021 00:00:00
21645;"CHDUD";9;20/7/2021 00:00:00
21646;"ALCLE";4;20/7/2021 00:00:00
21647;"J텍AZ";10;21/7/2021 00:00:00
21648;"JEBOR";9;22/7/2021 00:00:00
21649;"ERSWE";1;22/7/2021 00:00:00
21650;"SAJOU";3;23/7/2021 00:00:00
21651;"ALCLE";5;26/7/2021 00:00:00
21652;"J텍AZ";3;27/7/2021 00:00:00
21653;"CHLEC";11;27/7/2021 00:00:00
21654;"JEHOU";3;28/7/2021 00:00:00
21655;"SEADI";7;29/7/2021 00:00:00
21656;"ROHAM";4;29/7/2021 00:00:00
21657;"CECHA";5;30/7/2021 00:00:00
21658;"CHGRA";3;3/7/2021 00:00:00
21659;"ROHAM";9;3/7/2021 00:00:00
21660;"SYBEL";4;4/7/2021 00:00:00
21661;"PALER";1;5/7/2021 00:00:00
21662;"OLLHE";4;6/7/2021 00:00:00
21663;"ALAUV";3;6/7/2021 00:00:00
21664;"NOBEL";3;7/7/2021 00:00:00
21665;"CLJAN";12;10/7/2021 00:00:00
21666;"JEBOR";4;10/7/2021 00:00:00
21667;"YAKAL";7;11/7/2021 00:00:00
21668;"DACOU";9;12/7/2021 00:00:00
21669;"BEAVI";1;12/7/2021 00:00:00
21670;"ARBLA";1;13/7/2021 00:00:00
21671;"HALER";3;15/7/2021 00:00:00
21672;"J텍AZ";4;17/7/2021 00:00:00
21673;"ZOHED";1;17/7/2021 00:00:00
21674;"ANLER";3;18/7/2021 00:00:00
21675;"ANLER";7;19/7/2021 00:00:00
21676;"PILED";3;19/7/2021 00:00:00
21677;"CHLEC";4;20/7/2021 00:00:00
21678;"CHLAB";5;21/7/2021 00:00:00
21679;"BETIZ";7;21/7/2021 00:00:00
21680;"ALCLE";1;24/7/2021 00:00:00
21681;"SYBEL";6;25/7/2021 00:00:00
21682;"PASAU";4;26/7/2021 00:00:00
21683;"NAROU";7;26/7/2021 00:00:00
21684;"ZOHED";6;27/7/2021 00:00:00
21685;"MOELK";7;28/7/2021 00:00:00
21686;"LOHUE";1;28/7/2021 00:00:00
21687;"J텍AZ";1;31/7/2021 00:00:00
21688;"CEGRO";4;1/7/2021 00:00:00
21689;"MOELK";5;1/7/2021 00:00:00
21690;"DIGOM";4;2/7/2021 00:00:00
21691;"CHBOT";7;3/7/2021 00:00:00
21692;"C텏AU";9;4/7/2021 00:00:00
21693;"DELE ";6;4/7/2021 00:00:00
21694;"MOELK";1;7/7/2021 00:00:00
21695;"NAROU";4;8/7/2021 00:00:00
21696;"NOBEL";10;8/7/2021 00:00:00
21697;"FRLAN";11;9/7/2021 00:00:00
21698;"HALER";1;10/7/2021 00:00:00
21699;"HALER";4;10/7/2021 00:00:00
21700;"J텍AZ";1;11/7/2021 00:00:00
21701;"J텍AZ";3;15/7/2021 00:00:00
21702;"VIGUI";1;15/7/2021 00:00:00
21703;"GAANT";4;15/7/2021 00:00:00
21704;"CHDUD";4;16/7/2021 00:00:00
21705;"ERDEB";12;17/7/2021 00:00:00
21706;"CHGAS";4;17/7/2021 00:00:00
21707;"MALAZ";3;18/7/2021 00:00:00
21708;"JEHOU";1;21/7/2021 00:00:00
21709;"MOELK";1;21/7/2021 00:00:00
21710;"JEBOR";4;22/7/2021 00:00:00
21711;"JELEC";4;22/7/2021 00:00:00
21712;"CHBES";1;23/7/2021 00:00:00
21713;"C텏AU";4;24/7/2021 00:00:00
21714;"PAJAL";3;24/7/2021 00:00:00
21715;"CHLEC";7;25/7/2021 00:00:00
21716;"CHBON";4;25/7/2021 00:00:00
21717;"NISCH";5;28/7/2021 00:00:00
21718;"CLJAN";4;29/7/2021 00:00:00
21719;"PABEL";6;29/7/2021 00:00:00
21720;"RARAB";3;30/7/2021 00:00:00
21721;"ALDUV";7;30/7/2021 00:00:00
21722;"PAJAL";4;31/7/2021 00:00:00
21723;"NAROU";4;1/7/2021 00:00:00
21724;"OLFER";7;1/7/2021 00:00:00
21725;"CLHAL";6;4/7/2021 00:00:00
21726;"YAKAL";3;4/7/2021 00:00:00
21727;"DAMIC";4;5/7/2021 00:00:00
21728;"ERSWE";9;6/7/2021 00:00:00
21729;"BEAVI";4;6/7/2021 00:00:00
21730;"CHDUD";5;7/7/2021 00:00:00
21731;"YATAN";5;7/7/2021 00:00:00
21732;"ALAUV";5;8/7/2021 00:00:00
21733;"PAJAL";6;11/7/2021 00:00:00
21734;"BRLEH";4;11/7/2021 00:00:00
21735;"ERDEB";1;12/7/2021 00:00:00
21736;"JEHOU";5;12/7/2021 00:00:00
21737;"DACOU";1;13/7/2021 00:00:00
21738;"HALER";6;15/7/2021 00:00:00
21739;"MOELK";3;15/7/2021 00:00:00
21740;"ARBLA";4;15/7/2021 00:00:00
21741;"PABEL";7;15/7/2021 00:00:00
21742;"PASAU";7;18/7/2021 00:00:00
21743;"ERSWE";7;19/7/2021 00:00:00
21744;"CHROU";3;19/7/2021 00:00:00
21745;"FAMAR";4;20/7/2021 00:00:00
21746;"LOHUE";1;20/7/2021 00:00:00
21747;"CHROU";1;21/7/2021 00:00:00
21748;"ERDUR";7;22/7/2021 00:00:00
21749;"CHLEC";7;22/7/2021 00:00:00
21750;"PAJAL";1;25/7/2021 00:00:00
21751;"OLFER";5;25/7/2021 00:00:00
21752;"ERDEB";4;26/7/2021 00:00:00
21753;"JEHER";1;27/7/2021 00:00:00
21754;"JEHOU";9;27/7/2021 00:00:00
21755;"FRLAN";6;28/7/2021 00:00:00
21756;"GAANT";4;28/7/2021 00:00:00
21757;"ERDEB";5;27/7/2021 00:00:00
21758;"CHGRA";7;3/7/2021 00:00:00
21759;"SEADI";1;3/7/2021 00:00:00
21760;"MOELK";7;4/7/2021 00:00:00
21761;"JEBOR";9;4/7/2021 00:00:00
21762;"PILED";1;5/7/2021 00:00:00
21763;"HALER";3;6/7/2021 00:00:00
21764;"SEADI";3;6/7/2021 00:00:00
21765;"CHBOT";9;7/7/2021 00:00:00
21766;"OLLHE";3;7/7/2021 00:00:00
21767;"BRLEH";4;10/7/2021 00:00:00
21768;"BETIZ";10;11/7/2021 00:00:00
21769;"ERSWE";9;11/7/2021 00:00:00
21770;"ZOHED";4;12/7/2021 00:00:00
21771;"JEHOU";1;12/7/2021 00:00:00
21772;"DAMIC";1;13/7/2021 00:00:00
21773;"ARBLA";11;15/7/2021 00:00:00
21774;"SYBEL";4;15/7/2021 00:00:00
21775;"CHLAB";3;17/7/2021 00:00:00
21776;"ARBLA";10;17/7/2021 00:00:00
21777;"FRLAN";7;18/7/2021 00:00:00
21778;"CHLAB";11;19/7/2021 00:00:00
21779;"RARAB";3;19/7/2021 00:00:00
21780;"CHLEC";4;20/7/2021 00:00:00
21781;"CECHA";3;20/7/2021 00:00:00
21782;"MOELK";3;21/7/2021 00:00:00
21783;"ERSWE";6;24/7/2021 00:00:00
21784;"MALAZ";4;24/7/2021 00:00:00
21785;"REDAN";6;25/7/2021 00:00:00
21786;"PABEL";6;25/7/2021 00:00:00
21787;"NAROU";9;26/7/2021 00:00:00
21788;"PILED";12;27/7/2021 00:00:00
21789;"CLHAL";4;27/7/2021 00:00:00
21790;"BEGAL";6;28/7/2021 00:00:00
21791;"BRLEH";1;28/7/2021 00:00:00
21792;"LEHOS";1;31/7/2021 00:00:00
21793;"MOELK";5;1/7/2021 00:00:00
21794;"ERSWE";3;1/7/2021 00:00:00
21795;"MOELK";1;2/7/2021 00:00:00
21796;"MOELK";5;2/7/2021 00:00:00
21797;"FAMAR";3;3/7/2021 00:00:00
21798;"GECAU";4;4/7/2021 00:00:00
21799;"ERDEB";1;4/7/2021 00:00:00
21800;"CHBES";1;7/7/2021 00:00:00
21801;"PALER";1;7/7/2021 00:00:00
21802;"BEAVI";3;8/7/2021 00:00:00
21803;"ARBLA";5;9/7/2021 00:00:00
21804;"MOELK";4;9/7/2021 00:00:00
21805;"CHLAB";3;10/7/2021 00:00:00
21806;"J텍AZ";5;10/7/2021 00:00:00
21807;"ALAUV";4;11/7/2021 00:00:00
21808;"DIDAL";4;15/7/2021 00:00:00
21809;"DACOU";12;15/7/2021 00:00:00
21810;"PABEL";4;15/7/2021 00:00:00
21811;"RARAB";6;15/7/2021 00:00:00
21812;"FAMAR";5;16/7/2021 00:00:00
21813;"SYLEJ";7;17/7/2021 00:00:00
21814;"FAMAR";3;17/7/2021 00:00:00
21815;"JEHOU";1;18/7/2021 00:00:00
21816;"BRLEH";1;18/7/2021 00:00:00
21817;"PALER";6;21/7/2021 00:00:00
21818;"ERSWE";9;22/7/2021 00:00:00
21819;"MAHEN";3;22/7/2021 00:00:00
21820;"MAFER";4;23/7/2021 00:00:00
21821;"MAHEN";3;23/7/2021 00:00:00
21822;"CHLAB";4;24/7/2021 00:00:00
21823;"CLHAL";4;25/7/2021 00:00:00
21824;"GESEF";3;25/7/2021 00:00:00
21825;"CLHAL";1;28/7/2021 00:00:00
21826;"ZOHED";6;28/7/2021 00:00:00
21827;"ARBLA";9;29/7/2021 00:00:00
21828;"SYLEJ";1;30/7/2021 00:00:00
21829;"BETIZ";6;30/7/2021 00:00:00
21830;"MOELK";3;1/7/2021 00:00:00
21831;"GAANT";4;1/7/2021 00:00:00
21832;"CLJAN";9;2/7/2021 00:00:00
21833;"ERDUR";3;5/7/2021 00:00:00
21834;"RIDAN";5;5/7/2021 00:00:00
21835;"LEHOS";3;6/7/2021 00:00:00
21836;"NISCH";6;6/7/2021 00:00:00
21837;"FAMAR";4;7/7/2021 00:00:00
21838;"PHFRO";7;8/7/2021 00:00:00
21839;"MOELK";6;8/7/2021 00:00:00
21840;"ERDUR";3;9/7/2021 00:00:00
21841;"MALAZ";3;9/7/2021 00:00:00
21842;"YATAN";4;12/7/2021 00:00:00
21843;"ALCLE";5;13/7/2021 00:00:00
21844;"REDAN";3;13/7/2021 00:00:00
21845;"CHBON";3;15/7/2021 00:00:00
21846;"CHLEC";6;15/7/2021 00:00:00
21847;"ARBLA";3;15/7/2021 00:00:00
21848;"OLLHE";4;16/7/2021 00:00:00
21849;"MIGAL";4;16/7/2021 00:00:00
21850;"CLHAL";3;19/7/2021 00:00:00
21851;"ZOHED";3;19/7/2021 00:00:00
21852;"DAMIC";9;20/7/2021 00:00:00
21853;"CHLEC";9;21/7/2021 00:00:00
21854;"ANLER";3;21/7/2021 00:00:00
21855;"CHLEC";1;22/7/2021 00:00:00
21856;"REDAN";4;22/7/2021 00:00:00
21857;"CHGAS";7;23/7/2021 00:00:00
21858;"CHLEC";1;26/7/2021 00:00:00
21859;"BRLEH";7;26/7/2021 00:00:00
21860;"JEHOU";3;27/7/2021 00:00:00
21861;"CECHA";3;27/7/2021 00:00:00
21862;"JEMAN";6;27/7/2021 00:00:00
21863;"CLJAN";7;28/7/2021 00:00:00
21864;"MICOL";9;28/7/2021 00:00:00
21865;"DAMIC";4;29/7/2021 00:00:00
21866;"NISCH";4;29/7/2021 00:00:00
21867;"THLOP";1;29/7/2021 00:00:00
21868;"PABEL";10;30/7/2021 00:00:00
21869;"C텏AU";9;30/7/2021 00:00:00
21870;"ARBLA";1;2/7/2021 00:00:00
21871;"CHBON";1;2/7/2021 00:00:00
21872;"BRLEH";6;2/7/2021 00:00:00
21873;"ERDEB";6;3/7/2021 00:00:00
21874;"DELE ";1;3/7/2021 00:00:00
21875;"CLHAL";3;4/7/2021 00:00:00
21876;"BEAVI";6;4/7/2021 00:00:00
21877;"CHLEC";11;4/7/2021 00:00:00
21878;"NAROU";3;5/7/2021 00:00:00
21879;"ERBEC";7;5/7/2021 00:00:00
21880;"GAANT";10;6/7/2021 00:00:00
21881;"CHBES";9;6/7/2021 00:00:00
21882;"MAEUS";1;6/7/2021 00:00:00
21883;"JALES";4;9/7/2021 00:00:00
21884;"OLFER";4;9/7/2021 00:00:00
21885;"YAKAL";4;10/7/2021 00:00:00
21886;"MAEUS";6;10/7/2021 00:00:00
21887;"BEGAL";11;10/7/2021 00:00:00
21888;"JAHEN";3;11/7/2021 00:00:00
21889;"LEHOS";4;11/7/2021 00:00:00
21890;"PILED";12;12/7/2021 00:00:00
21891;"YAKAL";7;12/7/2021 00:00:00
21892;"VIGUI";1;12/7/2021 00:00:00
21893;"RARAB";12;13/7/2021 00:00:00
21894;"DACOU";5;13/7/2021 00:00:00
21895;"CHDUD";1;16/7/2021 00:00:00
21896;"JAHEN";3;16/7/2021 00:00:00
21897;"MOELK";3;16/7/2021 00:00:00
21898;"HALER";4;17/7/2021 00:00:00
21899;"CHBES";3;17/7/2021 00:00:00
21900;"NISCH";7;18/7/2021 00:00:00
21901;"MICOL";4;18/7/2021 00:00:00
21902;"ALCLE";3;18/7/2021 00:00:00
21903;"PHFRO";1;19/7/2021 00:00:00
21904;"ROHAM";6;19/7/2021 00:00:00
21905;"JEMAN";5;20/7/2021 00:00:00
21906;"REDAN";1;20/7/2021 00:00:00
21907;"ERBEC";1;20/7/2021 00:00:00
21908;"JEBOR";6;23/7/2021 00:00:00
21909;"FAMAR";1;23/7/2021 00:00:00
21910;"GECAU";9;24/7/2021 00:00:00
21911;"GAANT";9;24/7/2021 00:00:00
21912;"CEGRO";4;24/7/2021 00:00:00
21913;"ALDUV";3;25/7/2021 00:00:00
21914;"C텏AU";5;25/7/2021 00:00:00
21915;"OLLHE";6;26/7/2021 00:00:00
21916;"CEGRO";1;26/7/2021 00:00:00
21917;"PALEC";1;26/7/2021 00:00:00
21918;"CHLEC";7;27/7/2021 00:00:00
21919;"JEHOU";9;27/7/2021 00:00:00
21920;"RARAB";3;30/7/2021 00:00:00
21921;"CEGRO";3;30/7/2021 00:00:00
21922;"RARAB";4;30/7/2021 00:00:00
21923;"MIGAL";5;1/7/2021 00:00:00
21924;"CHGRA";1;1/7/2021 00:00:00
21925;"JAHEN";4;2/7/2021 00:00:00
21926;"BETIZ";5;2/7/2021 00:00:00
21927;"ARBLA";3;2/7/2021 00:00:00
21928;"MIGAL";6;3/7/2021 00:00:00
21929;"MOELK";4;3/7/2021 00:00:00
21930;"CHNIE";7;4/7/2021 00:00:00
21931;"CHBES";9;4/7/2021 00:00:00
21932;"JAHEN";1;4/7/2021 00:00:00
21933;"CHDUD";5;7/7/2021 00:00:00
21934;"ALCLE";4;7/7/2021 00:00:00
21935;"NOBEL";9;8/7/2021 00:00:00
21936;"CHLEC";3;8/7/2021 00:00:00
21937;"PILED";3;8/7/2021 00:00:00
21938;"SEADI";3;9/7/2021 00:00:00
21939;"JEHOU";6;9/7/2021 00:00:00
21940;"JUBOY";7;10/7/2021 00:00:00
21941;"ERDEB";1;10/7/2021 00:00:00
21942;"JEHER";3;10/7/2021 00:00:00
21943;"CHLAB";4;11/7/2021 00:00:00
21944;"ANLER";7;11/7/2021 00:00:00
21945;"NAROU";4;15/7/2021 00:00:00
21946;"CLHAL";4;15/7/2021 00:00:00
21947;"ARBLA";9;15/7/2021 00:00:00
21948;"JEHOU";5;15/7/2021 00:00:00
21949;"CHROU";6;15/7/2021 00:00:00
21950;"PABEL";7;16/7/2021 00:00:00
21951;"MAEUS";5;16/7/2021 00:00:00
21952;"DELE ";5;16/7/2021 00:00:00
21953;"FAMAR";9;17/7/2021 00:00:00
21954;"JELEC";5;17/7/2021 00:00:00
21955;"FRLAN";4;18/7/2021 00:00:00
21956;"JELEC";5;18/7/2021 00:00:00
21957;"JEHOU";4;18/7/2021 00:00:00
21958;"FAMAR";7;21/7/2021 00:00:00
21959;"CHDUD";1;21/7/2021 00:00:00
21960;"ARBLA";4;22/7/2021 00:00:00
21961;"FRLAN";3;22/7/2021 00:00:00
21962;"REDAN";7;22/7/2021 00:00:00
21963;"MICOL";4;23/7/2021 00:00:00
21964;"MOELK";4;23/7/2021 00:00:00
21965;"CHROU";9;24/7/2021 00:00:00
21966;"PALER";4;24/7/2021 00:00:00
21967;"MIGAL";6;24/7/2021 00:00:00
21968;"DAMIC";1;25/7/2021 00:00:00
21969;"SAJOU";10;25/7/2021 00:00:00
21970;"JELEC";1;28/7/2021 00:00:00
21971;"ALCLE";9;28/7/2021 00:00:00
21972;"CHBOT";7;28/7/2021 00:00:00
21973;"ANLER";7;29/7/2021 00:00:00
21974;"YATAN";4;29/7/2021 00:00:00
21975;"CHBES";9;30/7/2021 00:00:00
21976;"MOELK";1;30/7/2021 00:00:00
21977;"CHLEC";3;30/7/2021 00:00:00
21978;"YATAN";7;31/7/2021 00:00:00
21979;"ERSWE";3;31/7/2021 00:00:00
21980;"RIDAB";4;1/7/2021 00:00:00
21981;"JEMAN";5;1/7/2021 00:00:00
21982;"YAKAL";1;1/7/2021 00:00:00
21983;"NAROU";4;4/7/2021 00:00:00
21984;"REDAN";1;4/7/2021 00:00:00
21985;"DAMIC";3;5/7/2021 00:00:00
21986;"CHLAB";3;5/7/2021 00:00:00
21987;"YAKAL";9;5/7/2021 00:00:00
21988;"DELE ";4;6/7/2021 00:00:00
21989;"MAFER";6;6/7/2021 00:00:00
21990;"DACOU";4;7/7/2021 00:00:00
21991;"ALDUV";1;7/7/2021 00:00:00
21992;"FRLAN";1;7/7/2021 00:00:00
21993;"JELEC";3;7/7/2021 00:00:00
21994;"ERSWE";10;7/7/2021 00:00:00
21995;"PABEL";4;7/7/2021 00:00:00
21996;"PABEL";6;8/7/2021 00:00:00
21997;"CHGRA";11;8/7/2021 00:00:00
21998;"GECAU";1;8/7/2021 00:00:00
21999;"LODUR";4;11/7/2021 00:00:00
22000;"GESEF";3;11/7/2021 00:00:00
22001;"RARAB";12;11/7/2021 00:00:00
22002;"CLHAL";4;12/7/2021 00:00:00
22003;"ZOHED";1;12/7/2021 00:00:00
22004;"DAMIC";5;12/7/2021 00:00:00
22005;"C텏AU";7;12/7/2021 00:00:00
22006;"JEHOU";3;13/7/2021 00:00:00
22007;"DAMIC";3;13/7/2021 00:00:00
22008;"MALAZ";4;13/7/2021 00:00:00
22009;"JUBOY";4;15/7/2021 00:00:00
22010;"SAJOU";1;15/7/2021 00:00:00
22011;"ERDEB";6;15/7/2021 00:00:00
22012;"MIGAL";4;15/7/2021 00:00:00
22013;"ERDUR";4;15/7/2021 00:00:00
22014;"FAMAR";11;15/7/2021 00:00:00
22015;"GAANT";6;15/7/2021 00:00:00
22016;"ANLER";3;18/7/2021 00:00:00
22017;"YAKAL";4;18/7/2021 00:00:00
22018;"HALER";3;18/7/2021 00:00:00
22019;"MICOL";7;19/7/2021 00:00:00
22020;"ARBLA";3;19/7/2021 00:00:00
22021;"NISCH";1;19/7/2021 00:00:00
22022;"FAMAR";12;20/7/2021 00:00:00
22023;"MOELK";7;20/7/2021 00:00:00
22024;"DACOU";9;20/7/2021 00:00:00
22025;"SYBEL";4;20/7/2021 00:00:00
22026;"GESEF";6;21/7/2021 00:00:00
22027;"CECHA";4;21/7/2021 00:00:00
22028;"ZOHED";1;21/7/2021 00:00:00
22029;"SYBEL";3;22/7/2021 00:00:00
22030;"JELEC";3;22/7/2021 00:00:00
22031;"GESEF";3;22/7/2021 00:00:00
22032;"NISCH";1;25/7/2021 00:00:00
22033;"ERDUR";9;25/7/2021 00:00:00
22034;"PALEC";1;25/7/2021 00:00:00
22035;"CLHAL";9;25/7/2021 00:00:00
22036;"RARAB";5;26/7/2021 00:00:00
22037;"REDAN";1;26/7/2021 00:00:00
22038;"NOBEL";6;26/7/2021 00:00:00
22039;"NAROU";3;27/7/2021 00:00:00
22040;"RIDAB";7;27/7/2021 00:00:00
22041;"BRLEH";6;27/7/2021 00:00:00
22042;"NAROU";3;28/7/2021 00:00:00
22043;"PABEL";4;28/7/2021 00:00:00
22044;"ARBLA";5;28/7/2021 00:00:00
22045;"LOHUE";9;28/7/2021 00:00:00
22046;"MAFER";3;30/7/2021 00:00:00
22047;"PILED";6;29/7/2021 00:00:00
22048;"SYLEJ";4;29/7/2021 00:00:00
22049;"DIGOM";4;1/7/2021 00:00:00
22050;"CHLEC";1;1/7/2021 00:00:00
22051;"PAMAR";1;1/7/2021 00:00:00
22052;"JALES";9;2/7/2021 00:00:00
22053;"JEHER";5;2/7/2021 00:00:00
22054;"JUBOY";4;2/7/2021 00:00:00
22055;"JUBOY";6;2/7/2021 00:00:00
22056;"PHFRO";3;3/7/2021 00:00:00
22057;"GESEF";1;3/7/2021 00:00:00
22058;"NAROU";1;3/7/2021 00:00:00
22059;"REDAN";6;4/7/2021 00:00:00
22060;"YATAN";9;4/7/2021 00:00:00
22061;"CHLEC";7;4/7/2021 00:00:00
22062;"REDAN";4;5/7/2021 00:00:00
22063;"DAMIC";1;5/7/2021 00:00:00
22064;"GESEF";6;5/7/2021 00:00:00
22065;"MOELK";7;5/7/2021 00:00:00
22066;"MOELK";1;8/7/2021 00:00:00
22067;"ERSWE";9;8/7/2021 00:00:00
22068;"RIDAB";9;8/7/2021 00:00:00
22069;"DIDAL";10;9/7/2021 00:00:00
22070;"ALCLE";3;9/7/2021 00:00:00
22071;"BEAVI";10;9/7/2021 00:00:00
22072;"CHLEC";11;10/7/2021 00:00:00
22073;"ARBLA";1;10/7/2021 00:00:00
22074;"BEGAL";1;10/7/2021 00:00:00
22075;"REDAN";7;10/7/2021 00:00:00
22076;"ZOHED";12;11/7/2021 00:00:00
22077;"SORET";1;11/7/2021 00:00:00
22078;"ARBLA";4;11/7/2021 00:00:00
22079;"JEMAN";12;12/7/2021 00:00:00
22080;"DELE ";11;12/7/2021 00:00:00
22081;"OLLHE";6;12/7/2021 00:00:00
22082;"ALCLE";1;15/7/2021 00:00:00
22083;"REDAN";3;15/7/2021 00:00:00
22084;"MOELK";4;15/7/2021 00:00:00
22085;"CHGAS";3;15/7/2021 00:00:00
22086;"YATAN";3;16/7/2021 00:00:00
22087;"FRLAN";4;16/7/2021 00:00:00
22088;"HALER";3;16/7/2021 00:00:00
22089;"VIVAN";1;17/7/2021 00:00:00
22090;"CHLEC";7;17/7/2021 00:00:00
22091;"JELEC";5;17/7/2021 00:00:00
22092;"DACOU";6;18/7/2021 00:00:00
22093;"PALEC";3;18/7/2021 00:00:00
22094;"ERDEB";1;18/7/2021 00:00:00
22095;"LODUR";7;18/7/2021 00:00:00
22096;"RARAB";10;19/7/2021 00:00:00
22097;"ALDUV";9;19/7/2021 00:00:00
22098;"CLHAL";9;19/7/2021 00:00:00
22099;"CHLEC";9;22/7/2021 00:00:00
22100;"CHROU";4;22/7/2021 00:00:00
22101;"GECAU";6;22/7/2021 00:00:00
22102;"OLLHE";11;23/7/2021 00:00:00
22103;"ARBLA";3;23/7/2021 00:00:00
22104;"DAMIC";9;23/7/2021 00:00:00
22105;"SYBEL";1;23/7/2021 00:00:00
22106;"DIDAL";4;24/7/2021 00:00:00
22107;"CLJAN";6;24/7/2021 00:00:00
22108;"LEHOS";4;24/7/2021 00:00:00
22109;"GESEF";1;25/7/2021 00:00:00
22110;"CHBES";12;25/7/2021 00:00:00
22111;"SYLEJ";4;25/7/2021 00:00:00
22112;"MOELK";7;26/7/2021 00:00:00
22113;"MOELK";6;26/7/2021 00:00:00
22114;"CHLAB";1;26/7/2021 00:00:00
22115;"ERDUR";7;26/7/2021 00:00:00
22116;"PILED";3;29/7/2021 00:00:00
22117;"MIGAL";3;29/7/2021 00:00:00
22118;"ERBEC";4;29/7/2021 00:00:00
22119;"JELEC";7;30/7/2021 00:00:00
22120;"MIGAL";1;30/7/2021 00:00:00
22121;"RARAB";1;10/7/2021 00:00:00
22122;"HALER";4;1/7/2021 00:00:00
22123;"SYLEJ";3;1/7/2021 00:00:00
22124;"PAMAR";4;1/7/2021 00:00:00
22125;"MAFER";5;1/7/2021 00:00:00
22126;"DELE ";4;2/7/2021 00:00:00
22127;"GESEF";6;2/7/2021 00:00:00
22128;"PAJAL";5;2/7/2021 00:00:00
22129;"DIDAL";7;3/7/2021 00:00:00
22130;"GESEF";7;3/7/2021 00:00:00
22131;"BRLEH";3;3/7/2021 00:00:00
22132;"REDAN";6;6/7/2021 00:00:00
22133;"C텏AU";7;6/7/2021 00:00:00
22134;"DAMIC";3;6/7/2021 00:00:00
22135;"BETIZ";5;6/7/2021 00:00:00
22136;"MICOL";9;7/7/2021 00:00:00
22137;"NAROU";7;7/7/2021 00:00:00
22138;"DIDAL";7;7/7/2021 00:00:00
22139;"RIDAN";3;8/7/2021 00:00:00
22140;"NOBEL";9;8/7/2021 00:00:00
22141;"CHDUD";6;8/7/2021 00:00:00
22142;"LEHOS";7;9/7/2021 00:00:00
22143;"HALER";4;9/7/2021 00:00:00
22144;"DACOU";4;9/7/2021 00:00:00
22145;"ERSWE";3;9/7/2021 00:00:00
22146;"MOELK";1;10/7/2021 00:00:00
22147;"JEMAN";10;10/7/2021 00:00:00
22148;"CHLAB";7;10/7/2021 00:00:00
22149;"ERBEC";1;13/7/2021 00:00:00
22150;"PABEL";11;13/7/2021 00:00:00
22151;"CHGRA";1;13/7/2021 00:00:00
22152;"ANLER";9;15/7/2021 00:00:00
22153;"JEMAN";1;15/7/2021 00:00:00
22154;"CHLEC";4;15/7/2021 00:00:00
22155;"SORET";10;15/7/2021 00:00:00
22156;"OLFER";7;15/7/2021 00:00:00
22157;"ERDUR";12;15/7/2021 00:00:00
22158;"FAMAR";4;15/7/2021 00:00:00
22159;"ALCLE";1;15/7/2021 00:00:00
22160;"JEHOU";11;11/7/2021 00:00:00
22161;"JEBOR";7;24/7/2021 00:00:00
22162;"JEMAN";3;13/7/2021 00:00:00
22163;"FRMIC";1;25/7/2021 00:00:00
22164;"JEHOU";12;8/7/2021 00:00:00
22165;"JUBOY";7;1/7/2021 00:00:00
22166;"CLJAN";10;1/7/2021 00:00:00
22167;"JAHEN";2;1/7/2021 00:00:00
22168;"MAEUS";4;1/7/2021 00:00:00
22169;"BRLEH";7;1/7/2021 00:00:00
22170;"CHBON";2;1/7/2021 00:00:00
22171;"CHLEC";4;1/7/2021 00:00:00
22172;"ARBLA";2;1/7/2021 00:00:00
22173;"PAJAL";8;1/7/2021 00:00:00
22174;"JUBOY";5;1/7/2021 00:00:00
22175;"JEHER";6;1/7/2021 00:00:00
22176;"JALES";10;1/7/2021 00:00:00
22177;"JAHEN";2;1/7/2021 00:00:00
22178;"MOELK";2;1/7/2021 00:00:00
22179;"MOELK";6;1/7/2021 00:00:00
22180;"DACOU";5;1/7/2021 00:00:00
22181;"JAHEN";5;1/7/2021 00:00:00
22182;"C텏AU";6;1/7/2021 00:00:00
22183;"ERDUR";8;1/7/2021 00:00:00
22184;"ARBLA";4;1/7/2021 00:00:00
22185;"BETIZ";6;1/7/2021 00:00:00
22186;"MOELK";8;1/7/2021 00:00:00
22187;"DIGOM";5;1/7/2021 00:00:00
22188;"PAJAL";6;1/7/2021 00:00:00
22189;"GESEF";7;1/7/2021 00:00:00
22190;"DELE ";5;1/7/2021 00:00:00
22191;"CHBOT";2;1/7/2021 00:00:00
22192;"BEGAL";8;1/7/2021 00:00:00
22193;"NAROU";4;4/7/2021 00:00:00
22194;"CLJAN";4;4/7/2021 00:00:00
22195;"ERBEC";8;4/7/2021 00:00:00
22196;"DAMIC";4;4/7/2021 00:00:00
22197;"ERDUR";4;4/7/2021 00:00:00
22198;"CHLAB";4;4/7/2021 00:00:00
22199;"RIDAN";6;4/7/2021 00:00:00
22200;"SYBEL";8;4/7/2021 00:00:00
22201;"YAKAL";10;4/7/2021 00:00:00
22202;"DAMIC";5;4/7/2021 00:00:00
22203;"PALER";2;4/7/2021 00:00:00
22204;"DIGOM";4;4/7/2021 00:00:00
22205;"CHGRA";5;4/7/2021 00:00:00
22206;"PABEL";12;4/7/2021 00:00:00
22207;"NAROU";2;4/7/2021 00:00:00
22208;"PAJAL";7;4/7/2021 00:00:00
22209;"J텍AZ";8;4/7/2021 00:00:00
22210;"BRLEH";10;4/7/2021 00:00:00
22211;"BETIZ";12;4/7/2021 00:00:00
22212;"ERDEB";5;4/7/2021 00:00:00
22213;"PILED";2;4/7/2021 00:00:00
22214;"REDAN";5;4/7/2021 00:00:00
22215;"MOELK";8;4/7/2021 00:00:00
22216;"DAMIC";2;4/7/2021 00:00:00
22217;"GESEF";7;4/7/2021 00:00:00
22218;"GESEF";4;10/7/2021 00:00:00
22219;"JAHEN";4;10/7/2021 00:00:00
22220;"MOELK";5;10/7/2021 00:00:00
22221;"SORET";2;10/7/2021 00:00:00
22222;"ARBLA";5;10/7/2021 00:00:00
22223;"ALAUV";5;10/7/2021 00:00:00
22224;"PHFRO";7;10/7/2021 00:00:00
22225;"J텍AZ";2;10/7/2021 00:00:00
22226;"LEHOS";5;10/7/2021 00:00:00
22227;"JEHOU";2;10/7/2021 00:00:00
22228;"PAJAL";7;10/7/2021 00:00:00
22229;"BRLEH";5;10/7/2021 00:00:00
22230;"MAEUS";8;10/7/2021 00:00:00
22231;"GESEF";4;10/7/2021 00:00:00
22232;"ERSWE";10;10/7/2021 00:00:00
22233;"BETIZ";11;10/7/2021 00:00:00
22234;"JEHOU";12;10/7/2021 00:00:00
22235;"ERSWE";6;10/7/2021 00:00:00
22236;"ANLER";8;10/7/2021 00:00:00
22237;"LODUR";5;10/7/2021 00:00:00
22238;"RARAB";13;10/7/2021 00:00:00
22239;"ERDEB";5;10/7/2021 00:00:00
22240;"ZOHED";13;10/7/2021 00:00:00
22241;"CHLAB";5;10/7/2021 00:00:00
22242;"CHLEC";5;10/7/2021 00:00:00
22243;"CLJAN";2;10/7/2021 00:00:00
22244;"YAKAL";8;10/7/2021 00:00:00
22245;"ZOHED";2;11/7/2021 00:00:00
22246;"BEAVI";2;11/7/2021 00:00:00
22247;"JEMAN";13;11/7/2021 00:00:00
22248;"DELE ";12;11/7/2021 00:00:00
22249;"C텏AU";5;11/7/2021 00:00:00
22250;"PAMAR";5;11/7/2021 00:00:00
22251;"CHROU";7;11/7/2021 00:00:00
22252;"ZOHED";5;11/7/2021 00:00:00
22253;"ANLER";5;11/7/2021 00:00:00
22254;"CLHAL";5;11/7/2021 00:00:00
22255;"VIGUI";2;11/7/2021 00:00:00
22256;"MAHEN";2;11/7/2021 00:00:00
22257;"YAKAL";8;11/7/2021 00:00:00
22258;"OLLHE";7;11/7/2021 00:00:00
22259;"JEHOU";2;11/7/2021 00:00:00
22260;"DACOU";10;11/7/2021 00:00:00
22261;"C텏AU";8;11/7/2021 00:00:00
22262;"FAMAR";2;11/7/2021 00:00:00
22263;"DAMIC";6;11/7/2021 00:00:00
22264;"YATAN";5;11/7/2021 00:00:00
22265;"JEHOU";6;11/7/2021 00:00:00
22266;"GESEF";5;11/7/2021 00:00:00
22267;"ERDEB";2;11/7/2021 00:00:00
22268;"PILED";13;11/7/2021 00:00:00
22269;"ZOHED";4;11/7/2021 00:00:00
22270;"ALCLE";7;11/7/2021 00:00:00
22271;"MOELK";7;11/7/2021 00:00:00
22272;"CHLEC";2;11/7/2021 00:00:00
22273;"CLHAL";2;14/7/2021 00:00:00
22274;"CLJAN";5;14/7/2021 00:00:00
22275;"ARBLA";8;14/7/2021 00:00:00
22276;"ALCLE";2;14/7/2021 00:00:00
22277;"SORET";11;14/7/2021 00:00:00
22278;"ALCLE";2;14/7/2021 00:00:00
22279;"GAANT";4;14/7/2021 00:00:00
22280;"FAMAR";5;14/7/2021 00:00:00
22281;"PHFRO";4;14/7/2021 00:00:00
22282;"SYLEJ";6;14/7/2021 00:00:00
22283;"C텏AU";10;14/7/2021 00:00:00
22284;"ERDUR";13;14/7/2021 00:00:00
22285;"CHLEC";6;14/7/2021 00:00:00
22286;"CHLEC";5;14/7/2021 00:00:00
22287;"NISCH";5;14/7/2021 00:00:00
22288;"LOHUE";5;14/7/2021 00:00:00
22289;"OLFER";8;14/7/2021 00:00:00
22290;"ANLER";8;14/7/2021 00:00:00
22291;"CHLEC";5;14/7/2021 00:00:00
22292;"CHGRA";8;14/7/2021 00:00:00
22293;"JEMAN";2;14/7/2021 00:00:00
22294;"MIGAL";5;14/7/2021 00:00:00
22295;"JEBOR";7;14/7/2021 00:00:00
22296;"ZOHED";8;14/7/2021 00:00:00
22297;"ANLER";10;14/7/2021 00:00:00
22298;"CHGAS";4;14/7/2021 00:00:00
22299;"MOELK";5;14/7/2021 00:00:00
22300;"REDAN";4;14/7/2021 00:00:00
22301;"CEGRO";8;14/7/2021 00:00:00
22302;"CLJAN";6;14/7/2021 00:00:00
22303;"MIGAL";5;14/7/2021 00:00:00
22304;"DIDAL";5;14/7/2021 00:00:00
22305;"PABEL";5;14/7/2021 00:00:00
22306;"VIGUI";2;14/7/2021 00:00:00
22307;"CHBON";4;14/7/2021 00:00:00
22308;"CHLEC";7;14/7/2021 00:00:00
22309;"ARBLA";4;14/7/2021 00:00:00
22310;"ARBLA";4;14/7/2021 00:00:00
22311;"GAANT";7;14/7/2021 00:00:00
22312;"DIGOM";7;14/7/2021 00:00:00
22313;"ERDUR";5;14/7/2021 00:00:00
22314;"DACOU";13;14/7/2021 00:00:00
22315;"ERDEB";7;14/7/2021 00:00:00
22316;"SAJOU";2;14/7/2021 00:00:00
22317;"JUBOY";5;14/7/2021 00:00:00
22318;"NAROU";5;14/7/2021 00:00:00
22319;"CLHAL";5;14/7/2021 00:00:00
22320;"ARBLA";10;14/7/2021 00:00:00
22321;"JEHOU";6;14/7/2021 00:00:00
22322;"CHROU";7;14/7/2021 00:00:00
22323;"FAMAR";12;14/7/2021 00:00:00
22324;"JEBOR";6;14/7/2021 00:00:00
22325;"RARAB";7;14/7/2021 00:00:00
22326;"MOELK";4;14/7/2021 00:00:00
22327;"HALER";7;14/7/2021 00:00:00
22328;"GAANT";5;14/7/2021 00:00:00
22329;"MAHEN";6;14/7/2021 00:00:00
22330;"ARBLA";5;14/7/2021 00:00:00
22331;"J텍AZ";4;14/7/2021 00:00:00
22332;"PABEL";8;14/7/2021 00:00:00
22333;"ARBLA";12;14/7/2021 00:00:00
22334;"ERSWE";7;14/7/2021 00:00:00
22335;"SYBEL";5;14/7/2021 00:00:00
22336;"HALER";4;14/7/2021 00:00:00
22337;"REDAN";2;19/7/2021 00:00:00
22338;"JEMAN";6;19/7/2021 00:00:00
22339;"CHLEC";5;19/7/2021 00:00:00
22340;"CECHA";4;19/7/2021 00:00:00
22341;"PHFRO";8;19/7/2021 00:00:00
22342;"MIGAL";5;19/7/2021 00:00:00
22343;"ALCLE";5;19/7/2021 00:00:00
22344;"ERBEC";2;19/7/2021 00:00:00
22345;"DACOU";10;19/7/2021 00:00:00
22346;"DAMIC";4;19/7/2021 00:00:00
22347;"LOHUE";2;19/7/2021 00:00:00
22348;"CHLAB";8;19/7/2021 00:00:00
22349;"CHBON";2;19/7/2021 00:00:00
22350;"CHDUD";10;19/7/2021 00:00:00
22351;"DAMIC";10;19/7/2021 00:00:00
22352;"J텍AZ";5;19/7/2021 00:00:00
22353;"MOELK";8;19/7/2021 00:00:00
22354;"FAMAR";13;19/7/2021 00:00:00
22355;"SORET";5;19/7/2021 00:00:00
22356;"FAMAR";5;19/7/2021 00:00:00
22357;"CHLEC";5;19/7/2021 00:00:00
22358;"SYBEL";5;19/7/2021 00:00:00
22359;"CHLEC";2;26/7/2021 00:00:00
22360;"CHROU";10;26/7/2021 00:00:00
22361;"JEHOU";10;26/7/2021 00:00:00
22362;"BRLEH";7;26/7/2021 00:00:00
22363;"RIDAB";8;26/7/2021 00:00:00
22364;"NAROU";4;26/7/2021 00:00:00
22365;"JEHOU";10;26/7/2021 00:00:00
22366;"CHLEC";8;26/7/2021 00:00:00
22367;"JEMAN";7;26/7/2021 00:00:00
22368;"CECHA";4;26/7/2021 00:00:00
22369;"JEHOU";4;26/7/2021 00:00:00
22370;"CLHAL";5;26/7/2021 00:00:00
22371;"JEHER";2;26/7/2021 00:00:00
22372;"ERDEB";6;26/7/2021 00:00:00
22373;"PHFRO";5;26/7/2021 00:00:00
22374;"ZOHED";7;26/7/2021 00:00:00
22375;"CHLEC";12;26/7/2021 00:00:00
22376;"J텍AZ";4;26/7/2021 00:00:00
22377;"NOBEL";5;26/7/2021 00:00:00
22378;"VIVAN";2;26/7/2021 00:00:00
22379;"NAROU";5;26/7/2021 00:00:00
22380;"CHDUD";10;26/7/2021 00:00:00
22381;"DIGOM";4;26/7/2021 00:00:00
22382;"PASAU";5;26/7/2021 00:00:00
22383;"CLHAL";7;26/7/2021 00:00:00
22384;"PILED";13;26/7/2021 00:00:00
22385;"ALCLE";10;1/8/2021 00:00:00
22386;"JAHEN";1;1/8/2021 00:00:00
22387;"ALAUV";7;1/8/2021 00:00:00
22388;"CEGRO";4;1/8/2021 00:00:00
22389;"OLFER";7;1/8/2021 00:00:00
22390;"ERSWE";3;1/8/2021 00:00:00
22391;"MOELK";3;1/8/2021 00:00:00
22392;"CHGRA";1;1/8/2021 00:00:00
22393;"RIDAB";4;1/8/2021 00:00:00
22394;"YAKAL";1;1/8/2021 00:00:00
22395;"CHLEC";1;1/8/2021 00:00:00
22396;"HALER";4;1/8/2021 00:00:00
22397;"PAMAR";4;1/8/2021 00:00:00
22398;"CLJAN";10;1/8/2021 00:00:00
22399;"MAEUS";4;1/8/2021 00:00:00
22400;"CHBON";2;1/8/2021 00:00:00
22401;"ARBLA";2;1/8/2021 00:00:00
22402;"JUBOY";5;1/8/2021 00:00:00
22403;"JALES";10;1/8/2021 00:00:00
22404;"MOELK";2;1/8/2021 00:00:00
22405;"DACOU";5;1/8/2021 00:00:00
22406;"C텏AU";6;1/8/2021 00:00:00
22407;"ARBLA";4;1/8/2021 00:00:00
22408;"MOELK";8;1/8/2021 00:00:00
22409;"PAJAL";6;1/8/2021 00:00:00
22410;"DELE ";5;1/8/2021 00:00:00
22411;"BEGAL";8;1/8/2021 00:00:00
22412;"DACOU";4;2/8/2021 00:00:00
22413;"BEGAL";7;2/8/2021 00:00:00
22414;"JAHEN";1;2/8/2021 00:00:00
22415;"C텏AU";5;2/8/2021 00:00:00
22416;"MOELK";7;2/8/2021 00:00:00
22417;"CHLEC";3;2/8/2021 00:00:00
22418;"JAHEN";1;2/8/2021 00:00:00
22419;"DIGOM";4;2/8/2021 00:00:00
22420;"MOELK";5;2/8/2021 00:00:00
22421;"CLJAN";9;2/8/2021 00:00:00
22422;"ARBLA";1;2/8/2021 00:00:00
22423;"BRLEH";6;2/8/2021 00:00:00
22424;"BETIZ";5;2/8/2021 00:00:00
22425;"JALES";9;2/8/2021 00:00:00
22426;"JUBOY";4;2/8/2021 00:00:00
22427;"DELE ";4;2/8/2021 00:00:00
22428;"PAJAL";5;2/8/2021 00:00:00
22429;"REDAN";6;3/8/2021 00:00:00
22430;"YAKAL";1;3/8/2021 00:00:00
22431;"C텏AU";4;3/8/2021 00:00:00
22432;"SYBEL";3;3/8/2021 00:00:00
22433;"CHGRA";3;3/8/2021 00:00:00
22434;"CHGRA";7;3/8/2021 00:00:00
22435;"DELE ";1;3/8/2021 00:00:00
22436;"MIGAL";6;3/8/2021 00:00:00
22437;"PHFRO";3;3/8/2021 00:00:00
22438;"NAROU";1;3/8/2021 00:00:00
22439;"GESEF";7;3/8/2021 00:00:00
22440;"VIVAN";7;4/8/2021 00:00:00
22441;"JEBOR";4;4/8/2021 00:00:00
22442;"CHLEC";6;4/8/2021 00:00:00
22443;"LEHOS";1;4/8/2021 00:00:00
22444;"ERSWE";6;4/8/2021 00:00:00
22445;"SYBEL";4;4/8/2021 00:00:00
22446;"C텏AU";9;4/8/2021 00:00:00
22447;"YAKAL";3;4/8/2021 00:00:00
22448;"MOELK";7;4/8/2021 00:00:00
22449;"GECAU";4;4/8/2021 00:00:00
22450;"BEAVI";6;4/8/2021 00:00:00
22451;"CHNIE";7;4/8/2021 00:00:00
22452;"JAHEN";1;4/8/2021 00:00:00
22453;"REDAN";1;4/8/2021 00:00:00
22454;"YATAN";9;4/8/2021 00:00:00
22455;"CLJAN";4;4/8/2021 00:00:00
22456;"DAMIC";4;4/8/2021 00:00:00
22457;"CHLAB";4;4/8/2021 00:00:00
22458;"SYBEL";8;4/8/2021 00:00:00
22459;"DAMIC";5;4/8/2021 00:00:00
22460;"DIGOM";4;4/8/2021 00:00:00
22461;"PABEL";12;4/8/2021 00:00:00
22462;"PAJAL";7;4/8/2021 00:00:00
22463;"BRLEH";10;4/8/2021 00:00:00
22464;"ERDEB";5;4/8/2021 00:00:00
22465;"REDAN";5;4/8/2021 00:00:00
22466;"DAMIC";2;4/8/2021 00:00:00
22467;"CLJAN";3;5/8/2021 00:00:00
22468;"PAJAL";6;5/8/2021 00:00:00
22469;"BETIZ";11;5/8/2021 00:00:00
22470;"J텍AZ";7;5/8/2021 00:00:00
22471;"NAROU";1;5/8/2021 00:00:00
22472;"CHGRA";4;5/8/2021 00:00:00
22473;"DIGOM";3;5/8/2021 00:00:00
22474;"PILED";1;5/8/2021 00:00:00
22475;"RIDAN";5;5/8/2021 00:00:00
22476;"NAROU";3;5/8/2021 00:00:00
22477;"CHLAB";3;5/8/2021 00:00:00
22478;"REDAN";4;5/8/2021 00:00:00
22479;"GESEF";6;5/8/2021 00:00:00
22480;"PAMAR";3;6/8/2021 00:00:00
22481;"PILED";4;6/8/2021 00:00:00
22482;"PASAU";9;6/8/2021 00:00:00
22483;"ERDEB";12;6/8/2021 00:00:00
22484;"OLLHE";4;6/8/2021 00:00:00
22485;"ERSWE";9;6/8/2021 00:00:00
22486;"SEADI";3;6/8/2021 00:00:00
22487;"NISCH";6;6/8/2021 00:00:00
22488;"GAANT";10;6/8/2021 00:00:00
22489;"MAEUS";1;6/8/2021 00:00:00
22490;"DELE ";4;6/8/2021 00:00:00
22491;"REDAN";6;6/8/2021 00:00:00
22492;"DAMIC";3;6/8/2021 00:00:00
22493;"CEGRO";1;7/8/2021 00:00:00
22494;"ALCLE";1;7/8/2021 00:00:00
22495;"FAMAR";3;7/8/2021 00:00:00
22496;"CHBES";1;7/8/2021 00:00:00
22497;"JELEC";7;7/8/2021 00:00:00
22498;"NOBEL";3;7/8/2021 00:00:00
22499;"MOELK";1;7/8/2021 00:00:00
22500;"CHDUD";5;7/8/2021 00:00:00
22501;"OLLHE";3;7/8/2021 00:00:00
22502;"CHBES";1;7/8/2021 00:00:00
22503;"ALCLE";4;7/8/2021 00:00:00
22504;"DACOU";4;7/8/2021 00:00:00
22505;"FRLAN";1;7/8/2021 00:00:00
22506;"ERSWE";10;7/8/2021 00:00:00
22507;"MICOL";9;7/8/2021 00:00:00
22508;"DIDAL";7;7/8/2021 00:00:00
22509;"DIDAL";1;8/8/2021 00:00:00
22510;"ERDEB";6;8/8/2021 00:00:00
22511;"MIGAL";4;8/8/2021 00:00:00
22512;"NAROU";11;8/8/2021 00:00:00
22513;"NOBEL";10;8/8/2021 00:00:00
22514;"ALAUV";5;8/8/2021 00:00:00
22515;"BEAVI";3;8/8/2021 00:00:00
22516;"PHFRO";7;8/8/2021 00:00:00
22517;"CHLEC";3;8/8/2021 00:00:00
22518;"PABEL";6;8/8/2021 00:00:00
22519;"GECAU";1;8/8/2021 00:00:00
22520;"MOELK";1;8/8/2021 00:00:00
22521;"RIDAB";9;8/8/2021 00:00:00
22522;"NOBEL";9;8/8/2021 00:00:00
22523;"JEHOU";12;8/8/2021 00:00:00
22524;"THLOP";12;9/8/2021 00:00:00
22525;"ALCLE";4;9/8/2021 00:00:00
22526;"ALCLE";1;9/8/2021 00:00:00
22527;"SAJOU";7;9/8/2021 00:00:00
22528;"ALDUV";7;9/8/2021 00:00:00
22529;"OLLHE";4;9/8/2021 00:00:00
22530;"MOELK";4;9/8/2021 00:00:00
22531;"ERDUR";3;9/8/2021 00:00:00
22532;"OLFER";4;9/8/2021 00:00:00
22533;"SEADI";3;9/8/2021 00:00:00
22534;"ALCLE";3;9/8/2021 00:00:00
22535;"LEHOS";7;9/8/2021 00:00:00
22536;"DACOU";4;9/8/2021 00:00:00
22537;"FAMAR";1;10/8/2021 00:00:00
22538;"SAJOU";5;10/8/2021 00:00:00
22539;"DACOU";6;10/8/2021 00:00:00
22540;"REDAN";4;10/8/2021 00:00:00
22541;"NAROU";7;10/8/2021 00:00:00
22542;"ANLER";4;10/8/2021 00:00:00
22543;"JEBOR";4;10/8/2021 00:00:00
22544;"HALER";1;10/8/2021 00:00:00
22545;"J텍AZ";5;10/8/2021 00:00:00
22546;"MAEUS";6;10/8/2021 00:00:00
22547;"JUBOY";7;10/8/2021 00:00:00
22548;"JEHER";3;10/8/2021 00:00:00
22549;"CHLEC";11;10/8/2021 00:00:00
22550;"BEGAL";1;10/8/2021 00:00:00
22551;"MOELK";1;10/8/2021 00:00:00
22552;"CHLAB";7;10/8/2021 00:00:00
22553;"GESEF";4;10/8/2021 00:00:00
22554;"MOELK";5;10/8/2021 00:00:00
22555;"ARBLA";5;10/8/2021 00:00:00
22556;"PHFRO";7;10/8/2021 00:00:00
22557;"LEHOS";5;10/8/2021 00:00:00
22558;"PAJAL";7;10/8/2021 00:00:00
22559;"MAEUS";8;10/8/2021 00:00:00
22560;"ERSWE";10;10/8/2021 00:00:00
22561;"JEHOU";12;10/8/2021 00:00:00
22562;"ANLER";8;10/8/2021 00:00:00
22563;"RARAB";13;10/8/2021 00:00:00
22564;"ZOHED";13;10/8/2021 00:00:00
22565;"CHLEC";5;10/8/2021 00:00:00
22566;"YAKAL";8;10/8/2021 00:00:00
22567;"CLJAN";1;11/8/2021 00:00:00
22568;"ERDEB";4;11/8/2021 00:00:00
22569;"CHLEC";4;11/8/2021 00:00:00
22570;"MOELK";4;11/8/2021 00:00:00
22571;"GESEF";3;11/8/2021 00:00:00
22572;"JEHOU";1;11/8/2021 00:00:00
22573;"J텍AZ";1;11/8/2021 00:00:00
22574;"BRLEH";4;11/8/2021 00:00:00
22575;"BETIZ";10;11/8/2021 00:00:00
22576;"JAHEN";3;11/8/2021 00:00:00
22577;"ANLER";7;11/8/2021 00:00:00
22578;"GESEF";3;11/8/2021 00:00:00
22579;"ZOHED";12;11/8/2021 00:00:00
22580;"ARBLA";4;11/8/2021 00:00:00
22581;"JEHOU";11;11/8/2021 00:00:00
22582;"BEAVI";2;11/8/2021 00:00:00
22583;"DELE ";12;11/8/2021 00:00:00
22584;"PAMAR";5;11/8/2021 00:00:00
22585;"ZOHED";5;11/8/2021 00:00:00
22586;"CLHAL";5;11/8/2021 00:00:00
22587;"MAHEN";2;11/8/2021 00:00:00
22588;"OLLHE";7;11/8/2021 00:00:00
22589;"DACOU";10;11/8/2021 00:00:00
22590;"FAMAR";2;11/8/2021 00:00:00
22591;"YATAN";5;11/8/2021 00:00:00
22592;"GESEF";5;11/8/2021 00:00:00
22593;"PILED";13;11/8/2021 00:00:00
22594;"ALCLE";7;11/8/2021 00:00:00
22595;"CHLEC";2;11/8/2021 00:00:00
22596;"ALCLE";6;12/8/2021 00:00:00
22597;"CHLEC";1;12/8/2021 00:00:00
22598;"PAMAR";4;12/8/2021 00:00:00
22599;"DACOU";9;12/8/2021 00:00:00
22600;"JEHOU";5;12/8/2021 00:00:00
22601;"ZOHED";4;12/8/2021 00:00:00
22602;"YATAN";4;12/8/2021 00:00:00
22603;"PILED";12;12/8/2021 00:00:00
22604;"VIGUI";1;12/8/2021 00:00:00
22605;"CLHAL";4;12/8/2021 00:00:00
22606;"DAMIC";5;12/8/2021 00:00:00
22607;"DELE ";11;12/8/2021 00:00:00
22608;"JEMAN";6;13/8/2021 00:00:00
22609;"GAANT";4;13/8/2021 00:00:00
22610;"CHLAB";4;13/8/2021 00:00:00
22611;"DIDAL";4;13/8/2021 00:00:00
22612;"PHFRO";1;13/8/2021 00:00:00
22613;"CHNIE";3;13/8/2021 00:00:00
22614;"OLFER";5;13/8/2021 00:00:00
22615;"ARBLA";1;13/8/2021 00:00:00
22616;"DAMIC";1;13/8/2021 00:00:00
22617;"REDAN";3;13/8/2021 00:00:00
22618;"DACOU";5;13/8/2021 00:00:00
22619;"JEHOU";3;13/8/2021 00:00:00
22620;"MALAZ";4;13/8/2021 00:00:00
22621;"PABEL";11;13/8/2021 00:00:00
22622;"JEMAN";3;13/8/2021 00:00:00
22623;"CLJAN";5;14/8/2021 00:00:00
22624;"ALCLE";2;14/8/2021 00:00:00
22625;"ALCLE";2;14/8/2021 00:00:00
22626;"FAMAR";5;14/8/2021 00:00:00
22627;"SYLEJ";6;14/8/2021 00:00:00
22628;"ERDUR";13;14/8/2021 00:00:00
22629;"CHLEC";5;14/8/2021 00:00:00
22630;"LOHUE";5;14/8/2021 00:00:00
22631;"ANLER";8;14/8/2021 00:00:00
22632;"CHGRA";8;14/8/2021 00:00:00
22633;"MIGAL";5;14/8/2021 00:00:00
22634;"ZOHED";8;14/8/2021 00:00:00
22635;"CHGAS";4;14/8/2021 00:00:00
22636;"REDAN";4;14/8/2021 00:00:00
22637;"CLJAN";6;14/8/2021 00:00:00
22638;"DIDAL";5;14/8/2021 00:00:00
22639;"VIGUI";2;14/8/2021 00:00:00
22640;"CHLEC";7;14/8/2021 00:00:00
22641;"ARBLA";4;14/8/2021 00:00:00
22642;"DIGOM";7;14/8/2021 00:00:00
22643;"DACOU";13;14/8/2021 00:00:00
22644;"SAJOU";2;14/8/2021 00:00:00
22645;"NAROU";5;14/8/2021 00:00:00
22646;"ARBLA";10;14/8/2021 00:00:00
22647;"CHROU";7;14/8/2021 00:00:00
22648;"JEBOR";6;14/8/2021 00:00:00
22649;"MOELK";4;14/8/2021 00:00:00
22650;"GAANT";5;14/8/2021 00:00:00
22651;"ARBLA";5;14/8/2021 00:00:00
22652;"PABEL";8;14/8/2021 00:00:00
22653;"ERSWE";7;14/8/2021 00:00:00
22654;"HALER";4;14/8/2021 00:00:00
22655;"MAHEN";5;15/8/2021 00:00:00
22656;"ERSWE";6;15/8/2021 00:00:00
22657;"CLJAN";5;15/8/2021 00:00:00
22658;"SYLEJ";5;15/8/2021 00:00:00
22659;"CHLEC";5;15/8/2021 00:00:00
22660;"NISCH";4;15/8/2021 00:00:00
22661;"LOHUE";4;15/8/2021 00:00:00
22662;"CEGRO";7;15/8/2021 00:00:00
22663;"CLJAN";4;15/8/2021 00:00:00
22664;"CLHAL";1;15/8/2021 00:00:00
22665;"VIGUI";1;15/8/2021 00:00:00
22666;"HALER";6;15/8/2021 00:00:00
22667;"ARBLA";4;15/8/2021 00:00:00
22668;"SYBEL";4;15/8/2021 00:00:00
22669;"DIDAL";4;15/8/2021 00:00:00
22670;"PABEL";4;15/8/2021 00:00:00
22671;"CHLEC";6;15/8/2021 00:00:00
22672;"CLHAL";4;15/8/2021 00:00:00
22673;"JEHOU";5;15/8/2021 00:00:00
22674;"SAJOU";1;15/8/2021 00:00:00
22675;"MIGAL";4;15/8/2021 00:00:00
22676;"FAMAR";11;15/8/2021 00:00:00
22677;"ALCLE";1;15/8/2021 00:00:00
22678;"MOELK";4;15/8/2021 00:00:00
22679;"ANLER";9;15/8/2021 00:00:00
22680;"CHLEC";4;15/8/2021 00:00:00
22681;"OLFER";7;15/8/2021 00:00:00
22682;"FAMAR";4;15/8/2021 00:00:00
22683;"MAHEN";6;16/8/2021 00:00:00
22684;"SORET";7;16/8/2021 00:00:00
22685;"PABEL";3;16/8/2021 00:00:00
22686;"REDAN";4;16/8/2021 00:00:00
22687;"PAMAR";6;16/8/2021 00:00:00
22688;"HALER";6;16/8/2021 00:00:00
22689;"ERDEB";6;16/8/2021 00:00:00
22690;"CHDUD";4;16/8/2021 00:00:00
22691;"FAMAR";5;16/8/2021 00:00:00
22692;"OLLHE";4;16/8/2021 00:00:00
22693;"JAHEN";3;16/8/2021 00:00:00
22694;"PABEL";7;16/8/2021 00:00:00
22695;"DELE ";5;16/8/2021 00:00:00
22696;"YATAN";3;16/8/2021 00:00:00
22697;"HALER";3;16/8/2021 00:00:00
22698;"ALCLE";3;17/8/2021 00:00:00
22699;"DELE ";1;17/8/2021 00:00:00
22700;"CHBES";3;17/8/2021 00:00:00
22701;"NAROU";3;17/8/2021 00:00:00
22702;"J텍AZ";4;17/8/2021 00:00:00
22703;"CHGAS";4;17/8/2021 00:00:00
22704;"ARBLA";10;17/8/2021 00:00:00
22705;"FAMAR";3;17/8/2021 00:00:00
22706;"HALER";4;17/8/2021 00:00:00
22707;"JELEC";5;17/8/2021 00:00:00
22708;"CHLEC";7;17/8/2021 00:00:00
22709;"DAMIC";4;18/8/2021 00:00:00
22710;"CHGRA";11;18/8/2021 00:00:00
22711;"JEBOR";5;18/8/2021 00:00:00
22712;"BETIZ";3;18/8/2021 00:00:00
22713;"ANLER";3;18/8/2021 00:00:00
22714;"PASAU";7;18/8/2021 00:00:00
22715;"BRLEH";1;18/8/2021 00:00:00
22716;"NISCH";7;18/8/2021 00:00:00
22717;"ALCLE";3;18/8/2021 00:00:00
22718;"JELEC";5;18/8/2021 00:00:00
22719;"ANLER";3;18/8/2021 00:00:00
22720;"HALER";3;18/8/2021 00:00:00
22721;"DACOU";6;18/8/2021 00:00:00
22722;"ERDEB";1;18/8/2021 00:00:00
22723;"MIGAL";4;19/8/2021 00:00:00
22724;"NISCH";12;19/8/2021 00:00:00
22725;"MOELK";9;19/8/2021 00:00:00
22726;"PAJAL";4;19/8/2021 00:00:00
22727;"PABEL";3;19/8/2021 00:00:00
22728;"DIGOM";7;19/8/2021 00:00:00
22729;"C텏AU";6;19/8/2021 00:00:00
22730;"DIDAL";7;19/8/2021 00:00:00
22731;"DACOU";1;19/8/2021 00:00:00
22732;"PILED";3;19/8/2021 00:00:00
22733;"CHROU";3;19/8/2021 00:00:00
22734;"CHLAB";11;19/8/2021 00:00:00
22735;"CLHAL";3;19/8/2021 00:00:00
22736;"ROHAM";6;19/8/2021 00:00:00
22737;"ARBLA";3;19/8/2021 00:00:00
22738;"RARAB";10;19/8/2021 00:00:00
22739;"CLHAL";9;19/8/2021 00:00:00
22740;"JEMAN";6;19/8/2021 00:00:00
22741;"CECHA";4;19/8/2021 00:00:00
22742;"MIGAL";5;19/8/2021 00:00:00
22743;"ERBEC";2;19/8/2021 00:00:00
22744;"DAMIC";4;19/8/2021 00:00:00
22745;"CHLAB";8;19/8/2021 00:00:00
22746;"CHDUD";10;19/8/2021 00:00:00
22747;"J텍AZ";5;19/8/2021 00:00:00
22748;"FAMAR";13;19/8/2021 00:00:00
22749;"FAMAR";5;19/8/2021 00:00:00
22750;"SYBEL";5;19/8/2021 00:00:00
22751;"MIGAL";4;20/8/2021 00:00:00
22752;"CHBON";1;20/8/2021 00:00:00
22753;"SORET";4;20/8/2021 00:00:00
22754;"ALCLE";4;20/8/2021 00:00:00
22755;"LOHUE";1;20/8/2021 00:00:00
22756;"CHLEC";4;20/8/2021 00:00:00
22757;"DAMIC";9;20/8/2021 00:00:00
22758;"REDAN";1;20/8/2021 00:00:00
22759;"FAMAR";12;20/8/2021 00:00:00
22760;"DACOU";9;20/8/2021 00:00:00
22761;"SYLEJ";5;21/8/2021 00:00:00
22762;"J텍AZ";4;21/8/2021 00:00:00
22763;"FAMAR";4;21/8/2021 00:00:00
22764;"CHLAB";4;21/8/2021 00:00:00
22765;"CHLAB";5;21/8/2021 00:00:00
22766;"JEHOU";1;21/8/2021 00:00:00
22767;"MOELK";3;21/8/2021 00:00:00
22768;"ANLER";3;21/8/2021 00:00:00
22769;"FAMAR";7;21/8/2021 00:00:00
22770;"GESEF";6;21/8/2021 00:00:00
22771;"ZOHED";1;21/8/2021 00:00:00
22772;"JEHOU";9;22/8/2021 00:00:00
22773;"CHGRA";1;22/8/2021 00:00:00
22774;"JALES";4;22/8/2021 00:00:00
22775;"REDAN";10;22/8/2021 00:00:00
22776;"GESEF";4;22/8/2021 00:00:00
22777;"MAEUS";6;22/8/2021 00:00:00
22778;"ANLER";10;22/8/2021 00:00:00
22779;"JEBOR";9;22/8/2021 00:00:00
22780;"JEBOR";4;22/8/2021 00:00:00
22781;"ERDUR";7;22/8/2021 00:00:00
22782;"ERSWE";9;22/8/2021 00:00:00
22783;"REDAN";4;22/8/2021 00:00:00
22784;"ARBLA";4;22/8/2021 00:00:00
22785;"REDAN";7;22/8/2021 00:00:00
22786;"JELEC";3;22/8/2021 00:00:00
22787;"CHROU";4;22/8/2021 00:00:00
22788;"C텏AU";6;23/8/2021 00:00:00
22789;"MOELK";9;23/8/2021 00:00:00
22790;"SORET";5;23/8/2021 00:00:00
22791;"SAJOU";3;23/8/2021 00:00:00
22792;"CHBES";1;23/8/2021 00:00:00
22793;"MAFER";4;23/8/2021 00:00:00
22794;"JEBOR";6;23/8/2021 00:00:00
22795;"MOELK";4;23/8/2021 00:00:00
22796;"OLLHE";11;23/8/2021 00:00:00
22797;"DAMIC";9;23/8/2021 00:00:00
22798;"JEHOU";6;24/8/2021 00:00:00
22799;"LOHUE";3;24/8/2021 00:00:00
22800;"ERSWE";6;24/8/2021 00:00:00
22801;"CHLEC";4;24/8/2021 00:00:00
22802;"ANLER";3;24/8/2021 00:00:00
22803;"ALCLE";1;24/8/2021 00:00:00
22804;"PAJAL";3;24/8/2021 00:00:00
22805;"MALAZ";4;24/8/2021 00:00:00
22806;"CHLAB";4;24/8/2021 00:00:00
22807;"GECAU";9;24/8/2021 00:00:00
22808;"CEGRO";4;24/8/2021 00:00:00
22809;"PALER";4;24/8/2021 00:00:00
22810;"DIDAL";4;24/8/2021 00:00:00
22811;"LEHOS";4;24/8/2021 00:00:00
22812;"YAKAL";3;25/8/2021 00:00:00
22813;"LODUR";4;25/8/2021 00:00:00
22814;"CHLEC";3;25/8/2021 00:00:00
22815;"CLJAN";6;25/8/2021 00:00:00
22816;"JEHOU";4;25/8/2021 00:00:00
22817;"CHBES";9;25/8/2021 00:00:00
22818;"SYBEL";9;25/8/2021 00:00:00
22819;"CHBON";4;25/8/2021 00:00:00
22820;"PAJAL";1;25/8/2021 00:00:00
22821;"PABEL";6;25/8/2021 00:00:00
22822;"GESEF";3;25/8/2021 00:00:00
22823;"C텏AU";5;25/8/2021 00:00:00
22824;"DAMIC";1;25/8/2021 00:00:00
22825;"NISCH";1;25/8/2021 00:00:00
22826;"PALEC";1;25/8/2021 00:00:00
22827;"CHBES";12;25/8/2021 00:00:00
22828;"LODUR";1;26/8/2021 00:00:00
22829;"LOHUE";4;26/8/2021 00:00:00
22830;"SORET";4;26/8/2021 00:00:00
22831;"ALAUV";6;26/8/2021 00:00:00
22832;"OLLHE";1;26/8/2021 00:00:00
22833;"PASAU";4;26/8/2021 00:00:00
22834;"ERDEB";4;26/8/2021 00:00:00
22835;"CHLEC";1;26/8/2021 00:00:00
22836;"CEGRO";1;26/8/2021 00:00:00
22837;"RARAB";5;26/8/2021 00:00:00
22838;"NOBEL";6;26/8/2021 00:00:00
22839;"MOELK";7;26/8/2021 00:00:00
22840;"CHLAB";1;26/8/2021 00:00:00
22841;"CHROU";10;26/8/2021 00:00:00
22842;"BRLEH";7;26/8/2021 00:00:00
22843;"NAROU";4;26/8/2021 00:00:00
22844;"CHLEC";8;26/8/2021 00:00:00
22845;"CECHA";4;26/8/2021 00:00:00
22846;"CLHAL";5;26/8/2021 00:00:00
22847;"ERDEB";6;26/8/2021 00:00:00
22848;"ZOHED";7;26/8/2021 00:00:00
22849;"J텍AZ";4;26/8/2021 00:00:00
22850;"VIVAN";2;26/8/2021 00:00:00
22851;"CHDUD";10;26/8/2021 00:00:00
22852;"PASAU";5;26/8/2021 00:00:00
22853;"PILED";13;26/8/2021 00:00:00
22854;"CHLEC";1;27/8/2021 00:00:00
22855;"DIGOM";3;27/8/2021 00:00:00
22856;"NAROU";4;27/8/2021 00:00:00
22857;"J텍AZ";3;27/8/2021 00:00:00
22858;"ZOHED";6;27/8/2021 00:00:00
22859;"JEHOU";9;27/8/2021 00:00:00
22860;"PILED";12;27/8/2021 00:00:00
22861;"JEHOU";3;27/8/2021 00:00:00
22862;"JEMAN";6;27/8/2021 00:00:00
22863;"CHLEC";7;27/8/2021 00:00:00
22864;"RIDAB";7;27/8/2021 00:00:00
22865;"MALAZ";7;28/8/2021 00:00:00
22866;"JEMAN";3;28/8/2021 00:00:00
22867;"JEHOU";12;28/8/2021 00:00:00
22868;"CLJAN";12;28/8/2021 00:00:00
22869;"JAHEN";3;28/8/2021 00:00:00
22870;"MOELK";6;28/8/2021 00:00:00
22871;"JEHOU";3;28/8/2021 00:00:00
22872;"LOHUE";1;28/8/2021 00:00:00
22873;"GAANT";4;28/8/2021 00:00:00
22874;"BEGAL";6;28/8/2021 00:00:00
22875;"ZOHED";6;28/8/2021 00:00:00
22876;"MICOL";9;28/8/2021 00:00:00
22877;"JELEC";1;28/8/2021 00:00:00
22878;"CHBOT";7;28/8/2021 00:00:00
22879;"NAROU";3;28/8/2021 00:00:00
22880;"ARBLA";5;28/8/2021 00:00:00
22881;"OLLHE";4;29/8/2021 00:00:00
22882;"ANLER";4;29/8/2021 00:00:00
22883;"J텍AZ";3;29/8/2021 00:00:00
22884;"ARBLA";4;29/8/2021 00:00:00
22885;"ARBLA";3;29/8/2021 00:00:00
22886;"ROHAM";4;29/8/2021 00:00:00
22887;"CLJAN";4;29/8/2021 00:00:00
22888;"NISCH";4;29/8/2021 00:00:00
22889;"YATAN";4;29/8/2021 00:00:00
22890;"SYLEJ";4;29/8/2021 00:00:00
22891;"PILED";3;29/8/2021 00:00:00
22892;"ERBEC";4;29/8/2021 00:00:00
22893;"PAJAL";6;30/8/2021 00:00:00
22894;"ALAUV";1;30/8/2021 00:00:00
22895;"GECAU";3;30/8/2021 00:00:00
22896;"CHBON";1;30/8/2021 00:00:00
22897;"CHBES";1;30/8/2021 00:00:00
22898;"RARAB";3;30/8/2021 00:00:00
22899;"SYLEJ";1;30/8/2021 00:00:00
22900;"PABEL";10;30/8/2021 00:00:00
22901;"RARAB";3;30/8/2021 00:00:00
22902;"RARAB";4;30/8/2021 00:00:00
22903;"MOELK";1;30/8/2021 00:00:00
22904;"MAFER";3;30/8/2021 00:00:00
22905;"MIGAL";1;30/8/2021 00:00:00
