"NoTicket";"Refprod";"PrixUnit";"Qte";"Remise%"
10248;11;10,67 €;2;0,00
10248;42;7,47 €;2;0,00
10248;72;26,53 €;2;0,00
10248;120;6,10 €;1;0,00
10248;121;6,86 €;2;0,00
10248;122;7,01 €;3;0,00
10248;123;7,24 €;1;0,00
10248;124;7,24 €;2;0,00
10248;125;7,36 €;3;0,00
10248;126;7,62 €;1;0,00
10248;127;7,62 €;2;0,00
10248;128;7,62 €;3;0,00
10248;129;9,15 €;1;0,00
10248;130;9,53 €;2;0,00
10248;131;9,53 €;3;0,00
10248;132;9,72 €;1;0,00
10248;133;9,91 €;2;0,00
10248;134;10,10 €;3;0,00
10248;135;10,67 €;1;0,00
10248;136;10,67 €;2;0,00
10248;137;10,67 €;3;0,00
10248;138;10,67 €;1;0,00
10248;139;11,43 €;2;0,00
10248;140;11,43 €;3;0,00
10248;141;11,81 €;1;0,00
10248;142;3,43 €;2;0,00
10249;14;14,18 €;2;0,00
10249;51;32,32 €;1;0,00
10250;41;5,79 €;2;0,00
10250;51;32,32 €;1;0,15
10250;65;12,81 €;2;0,15
10251;22;12,81 €;2;0,05
10251;57;11,89 €;2;0,05
10251;65;12,81 €;1;0,00
10252;20;49,39 €;1;0,05
10252;33;1,52 €;1;0,05
10252;60;20,73 €;1;0,00
10253;31;7,62 €;1;0,00
10253;39;10,98 €;1;0,00
10253;49;12,20 €;1;0,00
10254;24;2,74 €;2;0,15
10254;55;14,64 €;1;0,15
10254;74;6,10 €;1;0,00
10255;2;11,59 €;1;0,00
10255;16;10,67 €;1;0,00
10255;36;11,59 €;1;0,00
10255;59;33,54 €;1;0,00
10256;53;19,97 €;2;0,00
10256;77;7,93 €;2;0,00
10257;27;26,83 €;1;0,00
10257;39;10,98 €;2;0,00
10257;77;7,93 €;2;0,00
10258;2;11,59 €;2;0,20
10258;5;12,96 €;2;0,20
10258;32;19,51 €;2;0,20
10259;21;6,10 €;2;0,00
10259;37;15,85 €;1;0,00
10260;41;5,79 €;2;0,25
10260;57;11,89 €;2;0,00
10260;62;30,03 €;2;0,25
10260;70;9,15 €;1;0,25
10261;21;6,10 €;1;0,00
10261;35;10,98 €;1;0,00
10262;5;12,96 €;2;0,20
10262;7;18,29 €;2;0,00
10262;56;23,17 €;2;0,00
10263;16;10,67 €;2;0,25
10263;24;2,74 €;1;0,00
10263;30;15,85 €;2;0,25
10263;74;6,10 €;1;0,25
10264;2;11,59 €;1;0,00
10264;41;5,79 €;1;0,15
10265;17;23,78 €;1;0,00
10265;70;9,15 €;1;0,00
10266;12;23,17 €;2;0,05
10267;40;11,28 €;2;0,00
10267;59;33,54 €;2;0,15
10267;76;10,98 €;2;0,15
10268;29;75,46 €;2;0,00
10268;72;21,19 €;2;0,00
10269;33;1,52 €;2;0,05
10269;72;21,19 €;1;0,05
10270;36;11,59 €;1;0,00
10270;43;28,05 €;1;0,00
10271;33;1,52 €;1;0,00
10272;20;49,39 €;2;0,00
10272;31;7,62 €;1;0,00
10272;72;21,19 €;1;0,00
10273;10;18,90 €;1;0,05
10273;31;7,62 €;2;0,05
10273;33;1,52 €;1;0,00
10273;40;11,28 €;2;0,05
10273;76;10,98 €;1;0,05
10274;71;13,11 €;1;0,00
10274;72;21,19 €;2;0,00
10275;24;2,74 €;2;0,05
10275;59;33,54 €;2;0,05
10276;10;18,90 €;2;0,00
10276;13;3,66 €;2;0,00
10277;28;27,75 €;1;0,00
10277;62;30,03 €;2;0,00
10278;44;11,89 €;2;0,00
10278;59;33,54 €;2;0,00
10278;63;26,83 €;2;0,00
10278;73;9,15 €;1;0,00
10279;17;23,78 €;2;0,25
10280;24;2,74 €;2;0,00
10280;55;14,64 €;1;0,00
10280;75;4,73 €;1;0,00
10281;19;5,49 €;1;0,00
10281;24;2,74 €;2;0,00
10281;35;10,98 €;2;0,00
10282;30;15,85 €;2;0,00
10282;57;11,89 €;2;0,00
10283;15;9,45 €;1;0,00
10283;19;5,49 €;2;0,00
10283;60;20,73 €;1;0,00
10283;72;21,19 €;2;0,00
10284;27;26,83 €;2;0,25
10284;44;11,89 €;1;0,00
10284;60;20,73 €;1;0,25
10284;67;8,54 €;2;0,25
10285;1;10,98 €;1;0,20
10285;40;11,28 €;1;0,20
10285;53;19,97 €;1;0,20
10286;35;10,98 €;2;0,00
10286;62;30,03 €;1;0,00
10287;16;10,67 €;1;0,15
10287;34;8,54 €;1;0,00
10287;46;7,32 €;2;0,15
10288;54;4,57 €;2;0,10
10288;68;7,62 €;2;0,10
10289;3;6,10 €;1;0,00
10289;64;20,28 €;2;0,00
10290;5;12,96 €;1;0,00
10290;29;75,46 €;2;0,00
10290;49;12,20 €;2;0,00
10290;77;7,93 €;2;0,00
10291;13;3,66 €;1;0,10
10291;44;11,89 €;1;0,10
10291;51;32,32 €;2;0,10
10292;20;49,39 €;1;0,00
10293;18;38,11 €;2;0,00
10293;24;2,74 €;2;0,00
10293;63;26,83 €;2;0,00
10293;75;4,73 €;2;0,00
10294;1;10,98 €;2;0,00
10294;17;23,78 €;2;0,00
10294;43;28,05 €;2;0,00
10294;60;20,73 €;1;0,00
10294;75;4,73 €;2;0,00
10295;56;23,17 €;2;0,00
10296;11;12,81 €;2;0,00
10296;16;10,67 €;1;0,00
10296;69;21,95 €;2;0,00
10297;39;10,98 €;2;0,00
10297;72;21,19 €;1;0,00
10298;2;11,59 €;1;0,00
10298;36;11,59 €;1;0,25
10298;59;33,54 €;1;0,25
10298;62;30,03 €;2;0,00
10299;19;5,49 €;2;0,00
10299;70;9,15 €;1;0,00
10300;66;10,37 €;1;0,00
10300;68;7,62 €;1;0,00
10301;40;11,28 €;2;0,00
10301;56;23,17 €;1;0,00
10302;17;23,78 €;1;0,00
10302;28;27,75 €;1;0,00
10302;43;28,05 €;2;0,00
10303;40;11,28 €;1;0,10
10303;65;12,81 €;1;0,10
10303;68;7,62 €;2;0,10
10304;49;12,20 €;1;0,00
10304;59;33,54 €;2;0,00
10304;71;13,11 €;2;0,00
10305;18;38,11 €;1;0,10
10305;29;75,46 €;1;0,10
10305;39;10,98 €;1;0,10
10306;30;15,85 €;2;0,00
10306;53;19,97 €;2;0,00
10306;54;4,57 €;2;0,00
10307;62;30,03 €;2;0,00
10307;68;7,62 €;2;0,00
10308;69;21,95 €;1;0,00
10308;70;9,15 €;2;0,00
10309;4;13,42 €;1;0,00
10309;6;15,24 €;1;0,00
10309;42;8,54 €;2;0,00
10309;43;28,05 €;1;0,00
10309;71;13,11 €;2;0,00
10310;16;10,67 €;2;0,00
10310;62;30,03 €;2;0,00
10311;42;8,54 €;2;0,00
10311;69;21,95 €;2;0,00
10312;28;27,75 €;2;0,00
10312;43;28,05 €;1;0,00
10312;53;19,97 €;1;0,00
10312;75;4,73 €;2;0,00
10313;36;11,59 €;2;0,00
10314;32;19,51 €;1;0,10
10314;58;8,08 €;1;0,10
10314;62;30,03 €;1;0,10
10315;34;8,54 €;2;0,00
10315;70;9,15 €;1;0,00
10316;41;5,79 €;2;0,00
10316;62;30,03 €;2;0,00
10317;1;10,98 €;1;0,00
10318;41;5,79 €;1;0,00
10318;76;10,98 €;2;0,00
10319;17;23,78 €;2;0,00
10319;28;27,75 €;2;0,00
10319;76;10,98 €;1;0,00
10320;71;13,11 €;1;0,00
10321;35;10,98 €;2;0,00
10322;52;4,27 €;1;0,00
10323;15;9,45 €;2;0,00
10323;25;8,54 €;2;0,00
10323;39;10,98 €;2;0,00
10324;16;10,67 €;1;0,15
10324;35;10,98 €;2;0,15
10324;46;7,32 €;1;0,00
10324;59;33,54 €;1;0,15
10324;63;26,83 €;2;0,15
10325;6;15,24 €;2;0,00
10325;13;3,66 €;2;0,00
10325;14;14,18 €;2;0,00
10325;31;7,62 €;2;0,00
10325;72;21,19 €;1;0,00
10326;4;13,42 €;1;0,00
10326;57;11,89 €;2;0,00
10326;75;4,73 €;2;0,00
10327;2;11,59 €;1;0,20
10327;11;12,81 €;2;0,20
10327;30;15,85 €;1;0,20
10327;58;8,08 €;1;0,20
10328;59;33,54 €;2;0,00
10328;65;12,81 €;1;0,00
10328;68;7,62 €;2;0,00
10329;19;5,49 €;2;0,05
10329;30;15,85 €;2;0,05
10329;38;160,68 €;1;0,05
10329;56;23,17 €;2;0,05
10330;26;18,90 €;2;0,15
10330;72;21,19 €;1;0,15
10331;54;4,57 €;2;0,00
10332;18;38,11 €;1;0,20
10332;42;8,54 €;2;0,20
10332;47;5,79 €;2;0,20
10333;14;14,18 €;2;0,00
10333;21;6,10 €;2;0,10
10333;71;13,11 €;1;0,10
10334;52;4,27 €;2;0,00
10334;68;7,62 €;2;0,00
10335;2;11,59 €;2;0,20
10335;31;7,62 €;1;0,20
10335;32;19,51 €;2;0,20
10335;51;32,32 €;1;0,20
10336;4;13,42 €;2;0,10
10337;23;5,49 €;1;0,00
10337;26;18,90 €;1;0,00
10337;36;11,59 €;1;0,00
10337;37;15,85 €;1;0,00
10337;72;21,19 €;1;0,00
10338;17;23,78 €;1;0,00
10338;30;15,85 €;2;0,00
10339;4;13,42 €;2;0,00
10339;17;23,78 €;2;0,05
10339;62;30,03 €;1;0,00
10340;18;38,11 €;1;0,05
10340;41;5,79 €;2;0,05
10340;43;28,05 €;1;0,05
10341;33;1,52 €;2;0,00
10341;59;33,54 €;2;0,15
10342;2;11,59 €;1;0,20
10342;31;7,62 €;2;0,20
10342;36;11,59 €;1;0,20
10342;55;14,64 €;1;0,20
10343;64;20,28 €;2;0,00
10343;68;7,62 €;2;0,05
10343;76;10,98 €;2;0,00
10344;4;13,42 €;1;0,00
10344;8;24,39 €;2;0,25
10345;8;24,39 €;2;0,00
10345;19;5,49 €;2;0,00
10345;42;8,54 €;2;0,00
10346;17;23,78 €;1;0,10
10346;56;23,17 €;1;0,00
10347;25;8,54 €;2;0,00
10347;39;10,98 €;2;0,15
10347;40;11,28 €;2;0,00
10347;75;4,73 €;2;0,15
10348;1;10,98 €;2;0,15
10348;23;5,49 €;1;0,00
10349;54;4,57 €;1;0,00
10350;50;9,91 €;2;0,10
10350;69;21,95 €;2;0,10
10351;38;160,68 €;1;0,05
10351;41;5,79 €;2;0,00
10351;44;11,89 €;2;0,05
10351;65;12,81 €;2;0,05
10352;24;2,74 €;2;0,00
10352;54;4,57 €;1;0,15
10353;11;12,81 €;2;0,20
10353;38;160,68 €;2;0,20
10354;1;10,98 €;2;0,00
10354;29;75,46 €;2;0,00
10355;24;2,74 €;1;0,00
10355;57;11,89 €;1;0,00
10356;31;7,62 €;1;0,00
10356;55;14,64 €;2;0,00
10356;69;21,95 €;1;0,00
10357;10;18,90 €;1;0,20
10357;26;18,90 €;2;0,00
10357;60;20,73 €;2;0,20
10358;24;2,74 €;2;0,05
10358;34;8,54 €;2;0,05
10358;36;11,59 €;1;0,05
10359;16;10,67 €;2;0,05
10359;31;7,62 €;2;0,05
10359;60;20,73 €;2;0,05
10360;28;27,75 €;1;0,00
10360;29;75,46 €;1;0,00
10360;38;160,68 €;2;0,00
10360;49;12,20 €;1;0,00
10360;54;4,57 €;1;0,00
10361;39;10,98 €;2;0,10
10361;60;20,73 €;2;0,10
10362;25;8,54 €;2;0,00
10362;51;32,32 €;1;0,00
10362;54;4,57 €;1;0,00
10363;31;7,62 €;1;0,00
10363;75;4,73 €;2;0,00
10363;76;10,98 €;2;0,00
10364;69;21,95 €;1;0,00
10364;71;13,11 €;2;0,00
10365;11;12,81 €;1;0,00
10366;65;12,81 €;2;0,00
10366;77;7,93 €;2;0,00
10367;34;8,54 €;1;0,00
10367;54;4,57 €;2;0,00
10367;65;12,81 €;2;0,00
10367;77;7,93 €;2;0,00
10368;21;6,10 €;2;0,10
10368;28;27,75 €;2;0,10
10368;57;11,89 €;1;0,00
10368;64;20,28 €;1;0,10
10369;29;75,46 €;1;0,00
10369;56;23,17 €;2;0,25
10370;1;10,98 €;2;0,15
10370;64;20,28 €;1;0,00
10370;74;6,10 €;1;0,15
10371;36;11,59 €;2;0,20
10372;20;49,39 €;2;0,25
10372;38;160,68 €;1;0,25
10372;60;20,73 €;2;0,25
10372;72;21,19 €;1;0,25
10373;58;8,08 €;2;0,20
10373;71;13,11 €;2;0,20
10374;31;7,62 €;1;0,00
10374;58;8,08 €;2;0,00
10375;14;14,18 €;2;0,00
10375;54;4,57 €;2;0,00
10376;31;7,62 €;1;0,05
10377;28;27,75 €;1;0,15
10377;39;10,98 €;1;0,15
10378;71;13,11 €;2;0,00
10379;41;5,79 €;2;0,10
10379;63;26,83 €;2;0,10
10379;65;12,81 €;1;0,10
10380;30;15,85 €;2;0,10
10380;53;19,97 €;1;0,10
10380;60;20,73 €;2;0,10
10380;70;9,15 €;1;0,00
10381;74;6,10 €;2;0,00
10382;5;12,96 €;1;0,00
10382;18;38,11 €;2;0,00
10382;29;75,46 €;2;0,00
10382;33;1,52 €;2;0,00
10382;74;6,10 €;2;0,00
10383;13;3,66 €;1;0,00
10383;50;9,91 €;2;0,00
10383;56;23,17 €;1;0,00
10384;20;49,39 €;1;0,00
10384;60;20,73 €;2;0,00
10385;7;18,29 €;2;0,20
10385;60;20,73 €;1;0,20
10385;68;7,62 €;2;0,20
10386;24;2,74 €;2;0,00
10386;34;8,54 €;2;0,00
10387;24;2,74 €;2;0,00
10387;28;27,75 €;2;0,00
10387;59;33,54 €;2;0,00
10387;71;13,11 €;2;0,00
10388;45;5,79 €;2;0,20
10388;52;4,27 €;1;0,20
10388;53;19,97 €;1;0,00
10389;10;18,90 €;2;0,00
10389;55;14,64 €;2;0,00
10389;62;30,03 €;1;0,00
10389;70;9,15 €;1;0,00
10390;31;7,62 €;2;0,10
10390;35;10,98 €;1;0,10
10390;46;7,32 €;1;0,00
10390;72;21,19 €;1;0,10
10391;13;3,66 €;2;0,00
10392;69;21,95 €;2;0,00
10393;2;11,59 €;1;0,25
10393;14;14,18 €;1;0,25
10393;25;8,54 €;2;0,25
10393;26;18,90 €;2;0,25
10393;31;7,62 €;1;0,00
10394;13;3,66 €;2;0,00
10394;62;30,03 €;2;0,00
10395;46;7,32 €;1;0,10
10395;53;19,97 €;2;0,10
10395;69;21,95 €;2;0,00
10396;23;5,49 €;1;0,00
10396;71;13,11 €;2;0,00
10396;72;21,19 €;1;0,00
10397;21;6,10 €;2;0,15
10397;51;32,32 €;2;0,15
10398;35;10,98 €;1;0,00
10398;55;14,64 €;2;0,10
10399;68;7,62 €;2;0,00
10399;71;13,11 €;1;0,00
10399;76;10,98 €;1;0,00
10399;77;7,93 €;2;0,00
10400;29;75,46 €;1;0,00
10400;35;10,98 €;1;0,00
10400;49;12,20 €;1;0,00
10401;30;15,85 €;2;0,00
10401;56;23,17 €;2;0,00
10401;65;12,81 €;1;0,00
10401;71;13,11 €;2;0,00
10402;23;5,49 €;2;0,00
10402;63;26,83 €;2;0,00
10403;16;10,67 €;1;0,15
10403;48;7,77 €;2;0,15
10404;26;18,90 €;1;0,05
10404;42;8,54 €;1;0,05
10404;49;12,20 €;1;0,05
10405;3;6,10 €;2;0,00
10406;1;10,98 €;2;0,00
10406;21;6,10 €;1;0,10
10406;28;27,75 €;1;0,10
10406;36;11,59 €;2;0,10
10406;40;11,28 €;2;0,10
10407;11;12,81 €;1;0,00
10407;69;21,95 €;2;0,00
10407;71;13,11 €;2;0,00
10408;37;15,85 €;2;0,00
10408;54;4,57 €;2;0,00
10408;62;30,03 €;1;0,00
10409;14;14,18 €;2;0,00
10409;21;6,10 €;2;0,00
10410;33;1,52 €;1;0,00
10410;59;33,54 €;2;0,00
10411;41;5,79 €;1;0,20
10411;44;11,89 €;1;0,20
10411;59;33,54 €;2;0,20
10412;14;14,18 €;1;0,10
10413;1;10,98 €;1;0,00
10413;62;30,03 €;1;0,00
10413;76;10,98 €;2;0,00
10414;19;5,49 €;2;0,05
10414;33;1,52 €;2;0,00
10415;17;23,78 €;2;0,00
10415;33;1,52 €;1;0,00
10416;19;5,49 €;1;0,00
10416;53;19,97 €;2;0,00
10416;57;11,89 €;1;0,00
10417;38;160,68 €;2;0,00
10417;46;7,32 €;2;0,25
10417;68;7,62 €;1;0,25
10417;77;7,93 €;1;0,00
10418;2;11,59 €;2;0,00
10418;47;5,79 €;2;0,00
10418;61;17,38 €;2;0,00
10418;74;6,10 €;2;0,00
10419;60;20,73 €;2;0,05
10419;69;21,95 €;1;0,05
10420;9;59,15 €;1;0,10
10420;13;3,66 €;2;0,10
10420;70;9,15 €;2;0,10
10420;73;9,15 €;1;0,10
10421;19;5,49 €;2;0,15
10421;26;18,90 €;1;0,00
10421;53;19,97 €;2;0,15
10421;77;7,93 €;2;0,15
10422;26;18,90 €;2;0,00
10423;31;7,62 €;2;0,00
10423;59;33,54 €;1;0,00
10424;35;10,98 €;2;0,20
10424;38;160,68 €;1;0,20
10424;68;7,62 €;1;0,20
10425;55;14,64 €;2;0,25
10425;76;10,98 €;1;0,25
10426;56;23,17 €;2;0,00
10426;64;20,28 €;2;0,00
10427;14;14,18 €;1;0,00
10428;46;7,32 €;1;0,00
10429;50;9,91 €;1;0,00
10429;63;26,83 €;1;0,25
10430;17;23,78 €;1;0,20
10430;21;6,10 €;2;0,00
10430;56;23,17 €;1;0,00
10430;59;33,54 €;2;0,20
10431;17;23,78 €;2;0,25
10431;40;11,28 €;2;0,25
10431;47;5,79 €;1;0,25
10432;26;18,90 €;2;0,00
10432;54;4,57 €;1;0,00
10433;56;23,17 €;1;0,00
10434;11;12,81 €;2;0,00
10434;76;10,98 €;2;0,15
10435;2;11,59 €;2;0,00
10435;22;12,81 €;2;0,00
10435;72;21,19 €;2;0,00
10436;46;7,32 €;2;0,00
10436;56;23,17 €;1;0,10
10436;64;20,28 €;1;0,10
10436;75;4,73 €;1;0,10
10437;53;19,97 €;2;0,00
10438;19;5,49 €;2;0,20
10438;34;8,54 €;1;0,20
10438;57;11,89 €;2;0,20
10439;12;23,17 €;2;0,00
10439;16;10,67 €;2;0,00
10439;64;20,28 €;2;0,00
10439;74;6,10 €;1;0,00
10440;2;11,59 €;1;0,15
10440;16;10,67 €;1;0,15
10440;29;75,46 €;1;0,15
10440;61;17,38 €;2;0,15
10441;27;26,83 €;2;0,00
10442;11;12,81 €;1;0,00
10442;54;4,57 €;2;0,00
10442;66;10,37 €;2;0,00
10443;11;12,81 €;2;0,20
10443;28;27,75 €;2;0,00
10444;17;23,78 €;2;0,00
10444;26;18,90 €;2;0,00
10444;35;10,98 €;2;0,00
10444;41;5,79 €;1;0,00
10445;39;10,98 €;2;0,00
10445;54;4,57 €;2;0,00
10446;19;5,49 €;2;0,10
10446;24;2,74 €;1;0,10
10446;31;7,62 €;2;0,10
10446;52;4,27 €;2;0,10
10447;19;5,49 €;1;0,00
10447;65;12,81 €;1;0,00
10447;71;13,11 €;2;0,00
10448;26;18,90 €;2;0,00
10448;40;11,28 €;1;0,00
10449;10;18,90 €;2;0,00
10449;52;4,27 €;1;0,00
10449;62;30,03 €;1;0,00
10450;10;18,90 €;1;0,20
10450;54;4,57 €;2;0,20
10451;55;14,64 €;2;0,10
10451;64;20,28 €;1;0,10
10451;65;12,81 €;1;0,10
10451;77;7,93 €;2;0,10
10452;28;27,75 €;2;0,00
10452;44;11,89 €;2;0,05
10453;48;7,77 €;2;0,10
10453;70;9,15 €;1;0,10
10454;16;10,67 €;1;0,20
10454;33;1,52 €;1;0,20
10454;46;7,32 €;2;0,20
10455;39;10,98 €;1;0,00
10455;53;19,97 €;2;0,00
10455;61;17,38 €;1;0,00
10455;71;13,11 €;1;0,00
10456;21;6,10 €;1;0,15
10456;49;12,20 €;1;0,15
10457;59;33,54 €;1;0,00
10458;26;18,90 €;1;0,00
10458;28;27,75 €;1;0,00
10458;43;28,05 €;1;0,00
10458;56;23,17 €;2;0,00
10458;71;13,11 €;2;0,00
10459;7;18,29 €;2;0,05
10459;46;7,32 €;1;0,05
10459;72;21,19 €;1;0,00
10460;68;7,62 €;1;0,25
10460;75;4,73 €;2;0,25
10461;21;6,10 €;1;0,25
10461;30;15,85 €;1;0,25
10461;55;14,64 €;2;0,25
10462;13;3,66 €;1;0,00
10462;23;5,49 €;1;0,00
10463;19;5,49 €;1;0,00
10463;42;8,54 €;2;0,00
10464;4;13,42 €;2;0,20
10464;43;28,05 €;2;0,00
10464;56;23,17 €;1;0,20
10464;60;20,73 €;1;0,00
10465;24;2,74 €;1;0,00
10465;29;75,46 €;2;0,10
10465;40;11,28 €;1;0,00
10465;45;5,79 €;1;0,10
10465;50;9,91 €;1;0,00
10466;11;12,81 €;2;0,00
10466;46;7,32 €;2;0,00
10467;24;2,74 €;1;0,00
10467;25;8,54 €;2;0,00
10468;30;15,85 €;2;0,00
10468;43;28,05 €;2;0,00
10469;2;11,59 €;1;0,15
10469;16;10,67 €;1;0,15
10469;44;11,89 €;2;0,15
10470;18;38,11 €;1;0,00
10470;23;5,49 €;2;0,00
10470;64;20,28 €;2;0,00
10471;7;18,29 €;1;0,00
10471;56;23,17 €;1;0,00
10472;24;2,74 €;2;0,05
10472;51;32,32 €;2;0,00
10473;33;1,52 €;2;0,00
10473;71;13,11 €;2;0,00
10474;14;14,18 €;2;0,00
10474;28;27,75 €;2;0,00
10474;40;11,28 €;1;0,00
10474;75;4,73 €;2;0,00
10475;31;7,62 €;1;0,15
10475;66;10,37 €;2;0,15
10475;76;10,98 €;1;0,15
10476;55;14,64 €;2;0,05
10476;70;9,15 €;2;0,00
10477;1;10,98 €;2;0,00
10477;21;6,10 €;1;0,25
10477;39;10,98 €;1;0,25
10478;10;18,90 €;1;0,05
10479;38;160,68 €;1;0,00
10479;53;19,97 €;1;0,00
10479;59;33,54 €;2;0,00
10479;64;20,28 €;1;0,00
10480;47;5,79 €;1;0,00
10480;59;33,54 €;2;0,00
10481;49;12,20 €;1;0,00
10481;60;20,73 €;1;0,00
10482;40;11,28 €;2;0,00
10483;34;8,54 €;1;0,05
10483;77;7,93 €;1;0,05
10484;21;6,10 €;2;0,00
10484;40;11,28 €;2;0,00
10484;51;32,32 €;2;0,00
10485;2;11,59 €;1;0,10
10485;3;6,10 €;1;0,10
10485;55;14,64 €;1;0,10
10485;70;9,15 €;2;0,10
10486;11;12,81 €;2;0,00
10486;51;32,32 €;1;0,00
10486;74;6,10 €;2;0,00
10487;19;5,49 €;2;0,00
10487;26;18,90 €;1;0,00
10487;54;4,57 €;1;0,25
10488;59;33,54 €;1;0,00
10488;73;9,15 €;1;0,20
10489;11;12,81 €;2;0,25
10489;16;10,67 €;2;0,00
10490;59;33,54 €;2;0,00
10490;68;7,62 €;1;0,00
10490;75;4,73 €;1;0,00
10491;44;11,89 €;2;0,15
10491;77;7,93 €;2;0,15
10492;25;8,54 €;2;0,05
10492;42;8,54 €;1;0,05
10493;65;12,81 €;2;0,10
10493;66;10,37 €;2;0,10
10493;69;21,95 €;2;0,10
10494;56;23,17 €;1;0,00
10495;23;5,49 €;2;0,00
10495;41;5,79 €;1;0,00
10495;77;7,93 €;2;0,00
10496;31;7,62 €;1;0,05
10497;56;23,17 €;2;0,00
10497;72;21,19 €;1;0,00
10497;77;7,93 €;1;0,00
10498;24;3,35 €;2;0,00
10498;40;14,03 €;2;0,00
10498;42;10,67 €;1;0,00
10499;28;34,76 €;1;0,00
10499;49;15,24 €;1;0,00
10500;15;11,89 €;2;0,05
10500;28;34,76 €;2;0,05
10501;54;5,64 €;1;0,00
10502;45;7,32 €;1;0,00
10502;53;25,00 €;2;0,00
10502;67;10,67 €;1;0,00
10503;14;17,68 €;2;0,00
10503;65;16,01 €;1;0,00
10504;2;14,48 €;2;0,00
10504;21;7,62 €;2;0,00
10504;53;25,00 €;2;0,00
10504;61;21,65 €;1;0,00
10505;62;37,50 €;2;0,00
10506;25;10,67 €;2;0,10
10506;70;11,43 €;2;0,10
10507;43;35,06 €;2;0,15
10507;48;9,76 €;2;0,15
10508;13;4,57 €;2;0,00
10508;39;13,72 €;2;0,00
10509;28;34,76 €;2;0,00
10510;29;94,37 €;1;0,00
10510;75;5,95 €;1;0,10
10511;4;16,77 €;2;0,15
10511;7;22,87 €;2;0,15
10511;8;30,49 €;2;0,15
10512;24;3,35 €;2;0,15
10512;46;9,15 €;2;0,15
10512;47;7,32 €;2;0,15
10512;60;25,92 €;2;0,15
10513;21;7,62 €;1;0,20
10513;32;24,39 €;2;0,20
10513;61;21,65 €;2;0,20
10514;20;61,74 €;1;0,00
10514;28;34,76 €;1;0,00
10514;56;28,97 €;2;0,00
10514;65;16,01 €;1;0,00
10514;75;5,95 €;2;0,00
10515;9;73,94 €;2;0,15
10515;16;13,26 €;2;0,00
10515;27;33,54 €;2;0,00
10515;33;1,83 €;2;0,15
10515;60;25,92 €;2;0,15
10516;18;47,56 €;1;0,10
10516;41;7,32 €;2;0,10
10516;42;10,67 €;1;0,00
10517;52;5,34 €;2;0,00
10517;59;41,92 €;2;0,00
10517;70;11,43 €;2;0,00
10518;24;3,35 €;2;0,00
10518;38;200,93 €;2;0,00
10518;44;14,79 €;2;0,00
10519;10;23,63 €;2;0,05
10519;56;28,97 €;1;0,00
10519;60;25,92 €;2;0,05
10520;24;3,35 €;2;0,00
10520;53;25,00 €;2;0,00
10521;35;13,72 €;2;0,00
10521;41;7,32 €;2;0,00
10521;68;9,45 €;2;0,00
10522;1;13,72 €;1;0,20
10522;8;30,49 €;1;0,00
10522;30;19,67 €;1;0,20
10522;40;14,03 €;1;0,20
10523;17;29,73 €;1;0,10
10523;20;61,74 €;2;0,10
10523;37;19,82 €;2;0,10
10523;41;7,32 €;2;0,10
10524;10;23,63 €;2;0,00
10524;30;19,67 €;2;0,00
10524;43;35,06 €;2;0,00
10524;54;5,64 €;2;0,00
10525;36;14,48 €;1;0,00
10525;40;14,03 €;2;0,10
10526;1;13,72 €;2;0,15
10526;13;4,57 €;2;0,00
10526;56;28,97 €;1;0,15
10527;4;16,77 €;2;0,10
10527;36;14,48 €;1;0,10
10528;11;16,01 €;2;0,00
10528;33;1,83 €;2;0,20
10528;72;26,53 €;2;0,00
10529;55;18,29 €;2;0,00
10529;68;9,45 €;1;0,00
10529;69;27,44 €;2;0,00
10530;17;29,73 €;1;0,00
10530;43;35,06 €;1;0,00
10530;61;21,65 €;1;0,00
10530;76;13,72 €;2;0,00
10531;59;41,92 €;2;0,00
10532;30;19,67 €;2;0,00
10532;66;12,96 €;1;0,00
10533;4;16,77 €;2;0,05
10533;72;26,53 €;1;0,00
10533;73;11,43 €;1;0,05
10534;30;19,67 €;2;0,00
10534;40;14,03 €;2;0,20
10534;54;5,64 €;2;0,20
10535;11;16,01 €;2;0,10
10535;40;14,03 €;2;0,10
10535;57;14,94 €;2;0,10
10535;59;41,92 €;2;0,10
10536;12;28,97 €;2;0,25
10536;31;9,45 €;1;0,00
10536;33;1,83 €;1;0,00
10536;60;25,92 €;1;0,25
10537;31;9,45 €;1;0,00
10537;51;40,40 €;2;0,00
10537;58;10,06 €;1;0,00
10537;72;26,53 €;1;0,00
10537;73;11,43 €;2;0,00
10538;70;11,43 €;2;0,00
10538;72;26,53 €;1;0,00
10539;13;4,57 €;2;0,00
10539;21;7,62 €;2;0,00
10539;33;1,83 €;2;0,00
10539;49;15,24 €;2;0,00
10540;3;7,62 €;2;0,00
10540;26;23,78 €;1;0,00
10540;38;200,93 €;1;0,00
10540;68;9,45 €;1;0,00
10541;24;3,35 €;1;0,10
10541;38;200,93 €;2;0,10
10541;65;16,01 €;1;0,10
10541;71;16,46 €;2;0,10
10542;11;16,01 €;2;0,05
10542;54;5,64 €;1;0,05
10543;12;28,97 €;1;0,15
10543;23;6,86 €;2;0,15
10544;28;34,76 €;2;0,00
10544;67;10,67 €;2;0,00
10545;11;16,01 €;2;0,00
10546;7;22,87 €;2;0,00
10546;35;13,72 €;1;0,00
10546;62;37,50 €;1;0,00
10547;32;24,39 €;1;0,15
10547;36;14,48 €;2;0,00
10548;34;10,67 €;2;0,25
10548;41;7,32 €;2;0,00
10549;31;9,45 €;2;0,15
10549;45;7,32 €;2;0,15
10549;51;40,40 €;1;0,15
10550;17;29,73 €;2;0,10
10550;19;7,01 €;2;0,00
10550;21;7,62 €;2;0,10
10550;61;21,65 €;2;0,10
10551;16;13,26 €;1;0,15
10551;35;13,72 €;1;0,15
10551;44;14,79 €;1;0,00
10552;69;27,44 €;2;0,00
10552;75;5,95 €;1;0,00
10553;11;16,01 €;2;0,00
10553;16;13,26 €;2;0,00
10553;22;16,01 €;1;0,00
10553;31;9,45 €;1;0,00
10553;35;13,72 €;2;0,00
10554;16;13,26 €;1;0,05
10554;23;6,86 €;1;0,05
10554;62;37,50 €;1;0,05
10554;77;9,91 €;2;0,05
10555;14;17,68 €;1;0,20
10555;19;7,01 €;1;0,20
10555;24;3,35 €;2;0,20
10555;51;40,40 €;1;0,20
10555;56;28,97 €;1;0,20
10556;72;26,53 €;1;0,00
10557;64;25,31 €;1;0,00
10557;75;5,95 €;1;0,00
10558;47;7,32 €;1;0,00
10558;51;40,40 €;1;0,00
10558;52;5,34 €;1;0,00
10558;53;25,00 €;2;0,00
10558;73;11,43 €;2;0,00
10559;41;7,32 €;2;0,05
10559;55;18,29 €;2;0,05
10560;30;19,67 €;1;0,00
10560;62;37,50 €;2;0,25
10561;44;14,79 €;2;0,00
10561;51;40,40 €;2;0,00
10562;33;1,83 €;1;0,10
10562;62;37,50 €;2;0,10
10563;36;14,48 €;1;0,00
10563;52;5,34 €;2;0,00
10564;17;29,73 €;2;0,05
10564;31;9,45 €;2;0,05
10564;55;18,29 €;1;0,05
10565;24;3,35 €;1;0,10
10565;64;25,31 €;2;0,10
10566;11;16,01 €;1;0,15
10566;18;47,56 €;2;0,15
10566;76;13,72 €;2;0,00
10567;31;9,45 €;2;0,20
10567;51;40,40 €;2;0,00
10567;59;41,92 €;1;0,20
10568;10;23,63 €;2;0,00
10569;31;9,45 €;1;0,20
10569;76;13,72 €;1;0,00
10570;11;16,01 €;2;0,05
10570;56;28,97 €;2;0,05
10571;14;17,68 €;2;0,15
10571;42;10,67 €;1;0,15
10572;16;13,26 €;2;0,10
10572;32;24,39 €;2;0,10
10572;40;14,03 €;2;0,00
10572;75;5,95 €;2;0,10
10573;17;29,73 €;2;0,00
10573;34;10,67 €;1;0,00
10573;53;25,00 €;1;0,00
10574;33;1,83 €;2;0,00
10574;40;14,03 €;2;0,00
10574;62;37,50 €;2;0,00
10574;64;25,31 €;2;0,00
10575;59;41,92 €;2;0,00
10575;63;33,54 €;2;0,00
10575;72;26,53 €;1;0,00
10575;76;13,72 €;2;0,00
10576;1;13,72 €;2;0,00
10576;31;9,45 €;1;0,00
10576;44;14,79 €;1;0,00
10577;39;13,72 €;2;0,00
10577;75;5,95 €;1;0,00
10577;77;9,91 €;2;0,00
10578;35;13,72 €;1;0,00
10578;57;14,94 €;2;0,00
10579;15;11,89 €;2;0,00
10579;75;5,95 €;1;0,00
10580;14;17,68 €;2;0,05
10580;41;7,32 €;2;0,05
10580;65;16,01 €;1;0,05
10581;75;5,95 €;2;0,20
10582;57;14,94 €;2;0,00
10582;76;13,72 €;2;0,00
10583;29;94,37 €;2;0,00
10583;60;25,92 €;1;0,15
10583;69;27,44 €;2;0,15
10584;31;9,45 €;2;0,05
10585;47;7,32 €;2;0,00
10586;52;5,34 €;2;0,15
10587;26;23,78 €;2;0,00
10587;35;13,72 €;1;0,00
10587;77;9,91 €;1;0,00
10588;18;47,56 €;1;0,20
10588;42;10,67 €;2;0,20
10589;35;13,72 €;2;0,00
10590;1;13,72 €;1;0,00
10590;77;9,91 €;2;0,05
10591;3;7,62 €;2;0,00
10591;7;22,87 €;2;0,00
10591;54;5,64 €;2;0,00
10592;15;11,89 €;1;0,05
10592;26;23,78 €;2;0,05
10593;20;61,74 €;1;0,20
10593;69;27,44 €;1;0,20
10593;76;13,72 €;2;0,20
10594;52;5,34 €;1;0,00
10594;58;10,06 €;1;0,00
10595;35;13,72 €;1;0,25
10595;61;21,65 €;2;0,25
10595;69;27,44 €;2;0,25
10596;56;28,97 €;2;0,20
10596;63;33,54 €;1;0,20
10596;75;5,95 €;1;0,20
10597;24;3,35 €;1;0,20
10597;57;14,94 €;1;0,00
10597;65;16,01 €;2;0,20
10598;27;33,54 €;2;0,00
10598;71;16,46 €;2;0,00
10599;62;37,50 €;2;0,00
10600;54;5,64 €;2;0,00
10600;73;11,43 €;1;0,00
10601;13;4,57 €;2;0,00
10601;59;41,92 €;1;0,00
10602;77;9,91 €;2;0,25
10603;22;16,01 €;1;0,00
10603;49;15,24 €;1;0,05
10604;48;9,76 €;2;0,10
10604;76;13,72 €;2;0,10
10605;16;13,26 €;1;0,05
10605;59;41,92 €;1;0,05
10605;60;25,92 €;2;0,05
10605;71;16,46 €;2;0,05
10606;4;16,77 €;1;0,20
10606;55;18,29 €;1;0,20
10606;62;37,50 €;2;0,20
10607;7;22,87 €;1;0,00
10607;17;29,73 €;2;0,00
10607;33;1,83 €;2;0,00
10607;40;14,03 €;1;0,00
10607;72;26,53 €;2;0,00
10608;56;28,97 €;1;0,00
10609;1;13,72 €;2;0,00
10609;10;23,63 €;2;0,00
10609;21;7,62 €;2;0,00
10610;36;14,48 €;1;0,25
10611;1;13,72 €;2;0,00
10611;2;14,48 €;2;0,00
10611;60;25,92 €;2;0,00
10612;10;23,63 €;2;0,00
10612;36;14,48 €;2;0,00
10612;49;15,24 €;2;0,00
10612;60;25,92 €;1;0,00
10612;76;13,72 €;2;0,00
10613;13;4,57 €;2;0,10
10613;75;5,95 €;1;0,00
10614;11;16,01 €;2;0,00
10614;21;7,62 €;2;0,00
10614;39;13,72 €;2;0,00
10615;55;18,29 €;2;0,00
10616;38;200,93 €;2;0,05
10616;56;28,97 €;2;0,00
10616;70;11,43 €;2;0,05
10616;71;16,46 €;2;0,05
10617;59;41,92 €;1;0,15
10618;6;19,06 €;2;0,00
10618;56;28,97 €;1;0,00
10618;68;9,45 €;2;0,00
10619;21;7,62 €;1;0,00
10619;22;16,01 €;1;0,00
10620;24;3,35 €;2;0,00
10620;52;5,34 €;2;0,00
10621;19;7,01 €;2;0,00
10621;23;6,86 €;2;0,00
10621;70;11,43 €;1;0,00
10621;71;16,46 €;2;0,00
10622;2;14,48 €;1;0,00
10622;68;9,45 €;2;0,20
10623;14;17,68 €;1;0,00
10623;19;7,01 €;2;0,10
10623;21;7,62 €;1;0,10
10623;24;3,35 €;2;0,00
10623;35;13,72 €;1;0,10
10624;28;34,76 €;2;0,00
10624;29;94,37 €;2;0,00
10624;44;14,79 €;2;0,00
10625;14;17,68 €;2;0,00
10625;42;10,67 €;2;0,00
10625;60;25,92 €;2;0,00
10626;53;25,00 €;2;0,00
10626;60;25,92 €;1;0,00
10626;71;16,46 €;1;0,00
10627;62;37,50 €;2;0,00
10627;73;11,43 €;1;0,15
10628;1;13,72 €;1;0,00
10629;29;94,37 €;1;0,00
10629;64;25,31 €;2;0,00
10630;55;18,29 €;2;0,05
10630;76;13,72 €;1;0,00
10631;75;5,95 €;2;0,10
10632;2;14,48 €;1;0,05
10632;33;1,83 €;1;0,05
10633;12;28,97 €;1;0,15
10633;13;4,57 €;2;0,15
10633;26;23,78 €;1;0,15
10633;62;37,50 €;2;0,15
10634;7;22,87 €;1;0,00
10634;18;47,56 €;2;0,00
10634;51;40,40 €;2;0,00
10634;75;5,95 €;2;0,00
10635;4;16,77 €;2;0,10
10635;5;16,31 €;2;0,10
10635;22;16,01 €;1;0,00
10636;4;16,77 €;1;0,00
10636;58;10,06 €;2;0,00
10637;11;16,01 €;2;0,00
10637;50;12,35 €;1;0,05
10637;56;28,97 €;2;0,05
10638;45;7,32 €;1;0,00
10638;65;16,01 €;1;0,00
10638;72;26,53 €;2;0,00
10639;18;47,56 €;2;0,00
10640;69;27,44 €;1;0,25
10640;70;11,43 €;2;0,25
10641;2;14,48 €;2;0,00
10641;40;14,03 €;2;0,00
10642;21;7,62 €;1;0,20
10642;61;21,65 €;1;0,20
10643;28;34,76 €;2;0,25
10643;39;13,72 €;1;0,25
10643;46;9,15 €;2;0,25
10644;18;47,56 €;2;0,10
10644;43;35,06 €;1;0,00
10644;46;9,15 €;1;0,10
10645;18;47,56 €;1;0,00
10645;36;14,48 €;2;0,00
10646;1;13,72 €;2;0,25
10646;10;23,63 €;2;0,25
10646;71;16,46 €;1;0,25
10646;77;9,91 €;1;0,25
10647;19;7,01 €;1;0,00
10647;39;13,72 €;1;0,00
10648;22;16,01 €;2;0,00
10648;24;3,35 €;2;0,15
10649;28;34,76 €;1;0,00
10649;72;26,53 €;2;0,00
10650;30;19,67 €;1;0,00
10650;53;25,00 €;1;0,05
10650;54;5,64 €;1;0,00
10651;19;7,01 €;2;0,25
10651;22;16,01 €;1;0,25
10652;30;19,67 €;2;0,25
10652;42;10,67 €;1;0,00
10653;16;13,26 €;1;0,10
10653;60;25,92 €;1;0,10
10654;4;16,77 €;2;0,10
10654;39;13,72 €;1;0,10
10654;54;5,64 €;2;0,10
10655;41;7,32 €;1;0,20
10656;14;17,68 €;2;0,10
10656;44;14,79 €;1;0,10
10656;47;7,32 €;2;0,10
10657;15;11,89 €;2;0,00
10657;41;7,32 €;1;0,00
10657;46;9,15 €;1;0,00
10657;47;7,32 €;2;0,00
10657;56;28,97 €;1;0,00
10657;60;25,92 €;1;0,00
10658;21;7,62 €;2;0,00
10658;40;14,03 €;2;0,05
10658;60;25,92 €;2;0,05
10658;77;9,91 €;2;0,05
10659;31;9,45 €;1;0,05
10659;40;14,03 €;1;0,05
10659;70;11,43 €;1;0,05
10660;20;61,74 €;1;0,00
10661;39;13,72 €;2;0,20
10661;58;10,06 €;1;0,20
10662;68;9,45 €;2;0,00
10663;40;14,03 €;1;0,05
10663;42;10,67 €;1;0,05
10663;51;40,40 €;1;0,05
10664;10;23,63 €;1;0,15
10664;56;28,97 €;2;0,15
10664;65;16,01 €;2;0,15
10665;51;40,40 €;1;0,00
10665;59;41,92 €;1;0,00
10665;76;13,72 €;2;0,00
10666;29;94,37 €;1;0,00
10666;65;16,01 €;2;0,00
10667;69;27,44 €;1;0,20
10667;71;16,46 €;2;0,20
10668;31;9,45 €;2;0,10
10668;55;18,29 €;2;0,10
10668;64;25,31 €;2;0,10
10669;36;14,48 €;1;0,00
10670;23;6,86 €;1;0,00
10670;46;9,15 €;2;0,00
10670;67;10,67 €;1;0,00
10670;73;11,43 €;2;0,00
10670;75;5,95 €;1;0,00
10671;16;13,26 €;2;0,00
10671;62;37,50 €;2;0,00
10671;65;16,01 €;2;0,00
10672;38;200,93 €;2;0,10
10672;71;16,46 €;2;0,00
10673;16;13,26 €;2;0,00
10673;42;10,67 €;2;0,00
10673;43;35,06 €;2;0,00
10674;23;6,86 €;2;0,00
10675;14;17,68 €;1;0,00
10675;53;25,00 €;2;0,00
10675;58;10,06 €;1;0,00
10676;10;23,63 €;2;0,00
10676;19;7,01 €;2;0,00
10676;44;14,79 €;1;0,00
10677;26;23,78 €;1;0,15
10677;33;1,83 €;2;0,15
10678;12;28,97 €;2;0,00
10678;33;1,83 €;1;0,00
10678;41;7,32 €;2;0,00
10678;54;5,64 €;1;0,00
10679;59;41,92 €;2;0,00
10680;16;13,26 €;2;0,25
10680;31;9,45 €;1;0,25
10680;42;10,67 €;1;0,25
10681;19;7,01 €;1;0,10
10681;21;7,62 €;2;0,10
10681;64;25,31 €;1;0,00
10682;33;1,83 €;1;0,00
10682;66;12,96 €;2;0,00
10682;75;5,95 €;1;0,00
10683;52;5,34 €;2;0,00
10684;40;14,03 €;1;0,00
10684;47;7,32 €;1;0,00
10684;60;25,92 €;1;0,00
10685;10;23,63 €;1;0,00
10685;41;7,32 €;2;0,00
10685;47;7,32 €;2;0,00
10686;17;29,73 €;1;0,20
10686;26;23,78 €;2;0,00
10687;9;73,94 €;2;0,25
10687;29;94,37 €;2;0,00
10687;36;14,48 €;2;0,25
10688;10;23,63 €;2;0,10
10688;28;34,76 €;2;0,10
10688;34;10,67 €;2;0,00
10689;1;13,72 €;1;0,25
10690;56;28,97 €;1;0,25
10690;77;9,91 €;1;0,25
10691;1;13,72 €;1;0,00
10691;29;94,37 €;1;0,00
10691;43;35,06 €;1;0,00
10691;44;14,79 €;1;0,00
10691;62;37,50 €;1;0,00
10692;63;33,54 €;1;0,00
10693;9;73,94 €;2;0,00
10693;54;5,64 €;2;0,15
10693;69;27,44 €;1;0,15
10693;73;11,43 €;2;0,15
10694;7;22,87 €;2;0,00
10694;59;41,92 €;1;0,00
10694;70;11,43 €;2;0,00
10695;8;30,49 €;2;0,00
10695;12;28,97 €;2;0,00
10695;24;3,35 €;1;0,00
10696;17;29,73 €;1;0,00
10696;46;9,15 €;2;0,00
10697;19;7,01 €;2;0,25
10697;35;13,72 €;2;0,25
10697;58;10,06 €;1;0,25
10697;70;11,43 €;1;0,25
10698;11;16,01 €;2;0,00
10698;17;29,73 €;2;0,05
10698;29;94,37 €;2;0,05
10698;65;16,01 €;2;0,05
10698;70;11,43 €;2;0,05
10699;47;7,32 €;2;0,00
10700;1;13,72 €;2;0,20
10700;34;10,67 €;2;0,20
10700;68;9,45 €;1;0,20
10700;71;16,46 €;2;0,20
10701;59;41,92 €;1;0,15
10701;71;16,46 €;1;0,15
10701;76;13,72 €;1;0,15
10702;3;7,62 €;2;0,00
10702;76;13,72 €;2;0,00
10703;2;14,48 €;2;0,00
10703;59;41,92 €;1;0,00
10703;73;11,43 €;1;0,00
10704;4;16,77 €;2;0,00
10704;24;3,35 €;1;0,00
10704;48;9,76 €;1;0,00
10705;31;9,45 €;1;0,00
10705;32;24,39 €;2;0,00
10706;16;13,26 €;1;0,00
10706;43;35,06 €;1;0,00
10706;59;41,92 €;2;0,00
10707;55;18,29 €;1;0,00
10707;57;14,94 €;1;0,00
10707;70;11,43 €;1;0,15
10708;5;16,31 €;2;0,00
10708;36;14,48 €;2;0,00
10709;8;30,49 €;1;0,00
10709;51;40,40 €;1;0,00
10709;60;25,92 €;2;0,00
10710;19;7,01 €;2;0,00
10710;47;7,32 €;2;0,00
10711;19;7,01 €;2;0,00
10711;41;7,32 €;1;0,00
10711;53;25,00 €;2;0,00
10712;53;25,00 €;2;0,05
10712;56;28,97 €;1;0,00
10713;10;23,63 €;2;0,00
10713;26;23,78 €;1;0,00
10713;45;7,32 €;2;0,00
10713;46;9,15 €;1;0,00
10714;2;14,48 €;1;0,25
10714;17;29,73 €;1;0,25
10714;47;7,32 €;2;0,25
10714;56;28,97 €;2;0,25
10714;58;10,06 €;2;0,25
10715;10;23,63 €;1;0,00
10715;71;16,46 €;1;0,00
10716;21;7,62 €;2;0,00
10716;51;40,40 €;2;0,00
10716;61;21,65 €;2;0,00
10717;21;7,62 €;1;0,05
10717;54;5,64 €;2;0,00
10717;69;27,44 €;1;0,05
10718;12;28,97 €;1;0,00
10718;16;13,26 €;1;0,00
10718;36;14,48 €;1;0,00
10718;62;37,50 €;1;0,00
10719;18;47,56 €;2;0,25
10719;30;19,67 €;2;0,25
10719;54;5,64 €;1;0,25
10720;35;13,72 €;1;0,00
10720;71;16,46 €;2;0,00
10721;44;14,79 €;2;0,05
10722;2;14,48 €;2;0,00
10722;31;9,45 €;2;0,00
10722;68;9,45 €;1;0,00
10722;75;5,95 €;1;0,00
10723;26;23,78 €;2;0,00
10724;10;23,63 €;2;0,00
10724;61;21,65 €;2;0,00
10725;41;7,32 €;2;0,00
10725;52;5,34 €;2;0,00
10725;55;18,29 €;2;0,00
10725;122;6,00 €;1;0,00
10725;232;5,00 €;1;0,00
10726;4;16,77 €;1;0,00
10726;11;16,01 €;2;0,00
10727;17;29,73 €;1;0,05
10727;56;28,97 €;2;0,05
10727;59;41,92 €;2;0,05
10728;30;19,67 €;2;0,00
10728;40;14,03 €;2;0,00
10728;55;18,29 €;2;0,00
10728;60;25,92 €;2;0,00
10729;1;13,72 €;2;0,00
10729;21;7,62 €;1;0,00
10729;50;12,35 €;1;0,00
10730;16;13,26 €;2;0,05
10730;31;9,45 €;2;0,05
10730;65;16,01 €;2;0,05
10731;21;7,62 €;1;0,05
10731;51;40,40 €;1;0,05
10732;76;13,72 €;1;0,00
10733;14;17,68 €;2;0,00
10733;28;34,76 €;1;0,00
10733;52;5,34 €;1;0,00
10734;6;19,06 €;1;0,00
10734;30;19,67 €;2;0,00
10734;76;13,72 €;1;0,00
10735;61;21,65 €;1;0,10
10735;77;9,91 €;2;0,10
10736;65;16,01 €;1;0,00
10736;75;5,95 €;1;0,00
10737;13;4,57 €;2;0,00
10737;41;7,32 €;2;0,00
10738;16;13,26 €;2;0,00
10739;36;14,48 €;2;0,00
10739;52;5,34 €;2;0,00
10740;28;34,76 €;2;0,20
10740;35;13,72 €;1;0,20
10740;45;7,32 €;1;0,20
10740;56;28,97 €;2;0,20
10741;2;14,48 €;2;0,20
10742;3;7,62 €;1;0,00
10742;60;25,92 €;2;0,00
10742;72;26,53 €;1;0,00
10743;46;9,15 €;1;0,05
10744;40;14,03 €;2;0,20
10745;18;47,56 €;1;0,00
10745;44;14,79 €;2;0,00
10745;59;41,92 €;1;0,00
10745;72;26,53 €;2;0,00
10746;13;4,57 €;2;0,00
10746;42;10,67 €;1;0,00
10746;62;37,50 €;2;0,00
10746;69;27,44 €;1;0,00
10747;31;9,45 €;2;0,00
10747;41;7,32 €;1;0,00
10747;63;33,54 €;2;0,00
10747;69;27,44 €;1;0,00
10748;23;6,86 €;1;0,00
10748;40;14,03 €;1;0,00
10748;56;28,97 €;1;0,00
10749;56;28,97 €;2;0,00
10749;59;41,92 €;2;0,00
10749;76;13,72 €;2;0,00
10750;14;17,68 €;2;0,15
10750;45;7,32 €;1;0,15
10750;59;41,92 €;1;0,15
10751;26;23,78 €;2;0,10
10751;30;19,67 €;1;0,00
10751;50;12,35 €;1;0,10
10751;73;11,43 €;2;0,00
10752;1;13,72 €;2;0,00
10752;69;27,44 €;2;0,00
10753;45;7,32 €;2;0,00
10753;74;7,62 €;2;0,00
10754;40;14,03 €;2;0,00
10755;47;7,32 €;1;0,25
10755;56;28,97 €;1;0,25
10755;57;14,94 €;2;0,25
10755;69;27,44 €;1;0,25
10756;18;47,56 €;1;0,20
10756;36;14,48 €;1;0,20
10756;68;9,45 €;2;0,20
10756;69;27,44 €;1;0,20
10757;34;10,67 €;1;0,00
10757;59;41,92 €;2;0,00
10757;62;37,50 €;1;0,00
10757;64;25,31 €;1;0,00
10758;26;23,78 €;1;0,00
10758;52;5,34 €;2;0,00
10758;70;11,43 €;1;0,00
10759;32;24,39 €;2;0,00
10760;25;10,67 €;2;0,25
10760;27;33,54 €;1;0,00
10760;43;35,06 €;1;0,25
10761;25;10,67 €;1;0,25
10761;75;5,95 €;2;0,00
10762;39;13,72 €;2;0,00
10762;47;7,32 €;1;0,00
10762;51;40,40 €;1;0,00
10762;56;28,97 €;2;0,00
10763;21;7,62 €;1;0,00
10763;22;16,01 €;2;0,00
10763;24;3,35 €;1;0,00
10764;3;7,62 €;1;0,10
10764;39;13,72 €;2;0,10
10765;65;16,01 €;2;0,10
10766;2;14,48 €;1;0,00
10766;7;22,87 €;1;0,00
10766;68;9,45 €;1;0,00
10767;42;10,67 €;2;0,00
10768;22;16,01 €;2;0,00
10768;31;9,45 €;2;0,00
10768;60;25,92 €;2;0,00
10768;71;16,46 €;2;0,00
10769;41;7,32 €;1;0,05
10769;52;5,34 €;2;0,05
10769;61;21,65 €;1;0,00
10769;62;37,50 €;2;0,00
10770;11;16,01 €;2;0,25
10771;71;16,46 €;2;0,00
10772;29;94,37 €;2;0,00
10772;59;41,92 €;1;0,00
10773;17;29,73 €;1;0,00
10773;31;9,45 €;2;0,20
10773;75;5,95 €;2;0,20
10774;31;9,45 €;2;0,25
10774;66;12,96 €;2;0,00
10775;10;23,63 €;2;0,00
10775;67;10,67 €;2;0,00
10776;31;9,45 €;2;0,05
10776;42;10,67 €;2;0,05
10776;45;7,32 €;1;0,05
10776;51;40,40 €;2;0,05
10777;42;10,67 €;1;0,20
10778;41;7,32 €;2;0,00
10779;16;13,26 €;1;0,00
10779;62;37,50 €;1;0,00
10780;70;11,43 €;1;0,00
10780;77;9,91 €;2;0,00
10781;54;5,64 €;2;0,20
10781;56;28,97 €;1;0,20
10781;74;7,62 €;1;0,00
10782;31;9,45 €;1;0,00
10783;31;9,45 €;2;0,00
10783;38;200,93 €;2;0,00
10784;36;14,48 €;1;0,00
10784;39;13,72 €;2;0,15
10784;72;26,53 €;1;0,15
10785;10;23,63 €;2;0,00
10785;75;5,95 €;2;0,00
10786;8;30,49 €;1;0,20
10786;30;19,67 €;2;0,20
10786;75;5,95 €;1;0,20
10787;2;14,48 €;2;0,05
10787;29;94,37 €;1;0,05
10788;19;7,01 €;2;0,05
10788;75;5,95 €;1;0,05
10789;18;47,56 €;1;0,00
10789;35;13,72 €;2;0,00
10789;63;33,54 €;1;0,00
10789;68;9,45 €;2;0,00
10790;7;22,87 €;2;0,15
10790;56;28,97 €;1;0,15
10791;29;94,37 €;2;0,05
10791;41;7,32 €;1;0,05
10792;2;14,48 €;2;0,00
10792;54;5,64 €;2;0,00
10792;68;9,45 €;2;0,00
10793;41;7,32 €;2;0,00
10793;52;5,34 €;2;0,00
10794;14;17,68 €;2;0,20
10794;54;5,64 €;2;0,20
10795;16;13,26 €;2;0,00
10795;17;29,73 €;1;0,25
10796;26;23,78 €;1;0,20
10796;44;14,79 €;2;0,00
10796;64;25,31 €;1;0,20
10796;69;27,44 €;1;0,20
10797;11;16,01 €;1;0,00
10798;62;37,50 €;2;0,00
10798;72;26,53 €;2;0,00
10799;13;4,57 €;1;0,15
10799;24;3,35 €;1;0,15
10799;59;41,92 €;1;0,00
10800;11;16,01 €;2;0,10
10800;51;40,40 €;2;0,10
10800;54;5,64 €;2;0,10
10801;17;29,73 €;1;0,25
10801;29;94,37 €;1;0,25
10802;30;19,67 €;1;0,25
10802;51;40,40 €;1;0,25
10802;55;18,29 €;2;0,25
10802;62;37,50 €;2;0,25
10803;19;7,01 €;1;0,05
10803;25;10,67 €;2;0,05
10803;59;41,92 €;2;0,05
10804;10;23,63 €;1;0,00
10804;28;34,76 €;1;0,00
10804;49;15,24 €;2;0,15
10805;34;10,67 €;2;0,00
10805;38;200,93 €;2;0,00
10806;2;14,48 €;1;0,25
10806;65;16,01 €;2;0,00
10806;74;7,62 €;2;0,25
10807;40;14,03 €;1;0,00
10808;56;28,97 €;1;0,15
10808;76;13,72 €;2;0,15
10809;52;5,34 €;1;0,00
10810;13;4,57 €;2;0,00
10810;25;10,67 €;2;0,00
10810;70;11,43 €;2;0,00
10811;19;7,01 €;2;0,00
10811;23;6,86 €;2;0,00
10811;40;14,03 €;1;0,00
10812;31;9,45 €;2;0,10
10812;72;26,53 €;1;0,10
10812;77;9,91 €;1;0,00
10813;2;14,48 €;2;0,20
10813;46;9,15 €;1;0,00
10814;41;7,32 €;1;0,00
10814;43;35,06 €;1;0,15
10814;48;9,76 €;2;0,15
10814;61;21,65 €;1;0,15
10815;33;1,83 €;2;0,00
10816;38;200,93 €;1;0,05
10816;62;37,50 €;1;0,05
10817;26;23,78 €;1;0,15
10817;38;200,93 €;1;0,00
10817;40;14,03 €;2;0,15
10817;62;37,50 €;1;0,15
10818;32;24,39 €;1;0,00
10818;41;7,32 €;1;0,00
10819;43;35,06 €;2;0,00
10819;75;5,95 €;1;0,00
10820;56;28,97 €;1;0,00
10821;35;13,72 €;1;0,00
10821;51;40,40 €;2;0,00
10822;62;37,50 €;2;0,00
10822;70;11,43 €;2;0,00
10823;11;16,01 €;1;0,10
10823;57;14,94 €;2;0,00
10823;59;41,92 €;1;0,10
10823;77;9,91 €;2;0,10
10824;41;7,32 €;2;0,00
10824;70;11,43 €;2;0,00
10825;26;23,78 €;2;0,00
10825;53;25,00 €;1;0,00
10826;31;9,45 €;1;0,00
10826;57;14,94 €;2;0,00
10827;10;23,63 €;2;0,00
10827;39;13,72 €;1;0,00
10828;20;61,74 €;2;0,00
10828;38;200,93 €;2;0,00
10829;2;14,48 €;2;0,00
10829;8;30,49 €;1;0,00
10829;13;4,57 €;2;0,00
10829;60;25,92 €;1;0,00
10830;6;19,06 €;2;0,00
10830;39;13,72 €;1;0,00
10830;60;25,92 €;1;0,00
10830;68;9,45 €;1;0,00
10831;19;7,01 €;2;0,00
10831;35;13,72 €;2;0,00
10831;38;200,93 €;2;0,00
10831;43;35,06 €;2;0,00
10832;13;4,57 €;2;0,20
10832;25;10,67 €;2;0,20
10832;44;14,79 €;2;0,20
10832;64;25,31 €;2;0,00
10833;7;22,87 €;1;0,10
10833;31;9,45 €;2;0,10
10833;53;25,00 €;2;0,10
10834;29;94,37 €;2;0,05
10834;30;19,67 €;1;0,05
10835;59;41,92 €;2;0,00
10835;77;9,91 €;2;0,20
10836;22;16,01 €;2;0,00
10836;35;13,72 €;2;0,00
10836;57;14,94 €;1;0,00
10836;60;25,92 €;2;0,00
10836;64;25,31 €;1;0,00
10837;13;4,57 €;2;0,00
10837;40;14,03 €;1;0,00
10837;47;7,32 €;1;0,25
10837;76;13,72 €;1;0,25
10838;1;13,72 €;2;0,25
10838;18;47,56 €;1;0,25
10838;36;14,48 €;2;0,25
10839;58;10,06 €;1;0,10
10839;72;26,53 €;2;0,10
10840;25;10,67 €;2;0,20
10840;39;13,72 €;2;0,20
10841;10;23,63 €;2;0,00
10841;56;28,97 €;1;0,00
10841;59;41,92 €;2;0,00
10841;77;9,91 €;2;0,00
10842;11;16,01 €;2;0,00
10842;43;35,06 €;2;0,00
10842;68;9,45 €;1;0,00
10842;70;11,43 €;2;0,00
10843;51;40,40 €;2;0,25
10844;22;16,01 €;1;0,00
10845;23;6,86 €;2;0,10
10845;35;13,72 €;1;0,10
10845;42;10,67 €;1;0,10
10845;58;10,06 €;2;0,10
10845;64;25,31 €;1;0,00
10846;4;16,77 €;1;0,00
10846;70;11,43 €;1;0,00
10846;74;7,62 €;1;0,00
10847;1;13,72 €;2;0,20
10847;19;7,01 €;2;0,20
10847;37;19,82 €;2;0,20
10847;45;7,32 €;1;0,20
10847;60;25,92 €;1;0,20
10847;71;16,46 €;2;0,20
10848;5;16,31 €;1;0,00
10848;9;73,94 €;2;0,00
10849;3;7,62 €;1;0,00
10849;26;23,78 €;2;0,15
10850;25;10,67 €;1;0,15
10850;33;1,83 €;2;0,15
10850;70;11,43 €;1;0,15
10851;2;14,48 €;2;0,05
10851;25;10,67 €;2;0,05
10851;57;14,94 €;2;0,05
10851;59;41,92 €;1;0,05
10852;2;14,48 €;2;0,00
10852;17;29,73 €;2;0,00
10852;62;37,50 €;2;0,00
10853;18;47,56 €;2;0,00
10854;10;23,63 €;2;0,15
10854;13;4,57 €;2;0,15
10855;16;13,26 €;2;0,00
10855;31;9,45 €;2;0,00
10855;56;28,97 €;1;0,00
10855;65;16,01 €;2;0,15
10856;2;14,48 €;1;0,00
10856;42;10,67 €;1;0,00
10857;3;7,62 €;1;0,00
10857;26;23,78 €;1;0,25
10857;29;94,37 €;2;0,25
10858;7;22,87 €;2;0,00
10858;27;33,54 €;2;0,00
10858;70;11,43 €;2;0,00
10859;24;3,35 €;1;0,25
10859;54;5,64 €;1;0,25
10859;64;25,31 €;1;0,25
10860;51;40,40 €;2;0,00
10860;76;13,72 €;1;0,00
10861;17;29,73 €;1;0,00
10861;18;47,56 €;1;0,00
10861;21;7,62 €;1;0,00
10861;33;1,83 €;1;0,00
10861;62;37,50 €;2;0,00
10862;11;16,01 €;1;0,00
10862;52;5,34 €;2;0,00
10863;1;13,72 €;1;0,15
10863;58;10,06 €;2;0,15
10864;35;13,72 €;2;0,00
10864;67;10,67 €;2;0,00
10865;38;200,93 €;2;0,05
10865;39;13,72 €;2;0,05
10866;2;14,48 €;1;0,25
10866;24;3,35 €;2;0,25
10866;30;19,67 €;1;0,25
10867;53;25,00 €;2;0,00
10868;26;23,78 €;1;0,00
10868;35;13,72 €;1;0,00
10868;49;15,24 €;1;0,10
10869;1;13,72 €;1;0,00
10869;11;16,01 €;2;0,00
10869;23;6,86 €;2;0,00
10869;68;9,45 €;1;0,00
10870;35;13,72 €;2;0,00
10870;51;40,40 €;2;0,00
10871;6;19,06 €;2;0,05
10871;16;13,26 €;2;0,05
10871;17;29,73 €;2;0,05
10872;55;18,29 €;2;0,05
10872;62;37,50 €;1;0,05
10872;64;25,31 €;2;0,05
10872;65;16,01 €;1;0,05
10873;21;7,62 €;1;0,00
10873;28;34,76 €;2;0,00
10874;10;23,63 €;2;0,00
10875;19;7,01 €;1;0,00
10875;47;7,32 €;1;0,10
10875;49;15,24 €;2;0,00
10876;46;9,15 €;1;0,00
10876;64;25,31 €;1;0,00
10877;16;13,26 €;1;0,25
10877;18;47,56 €;1;0,00
10878;20;61,74 €;1;0,05
10879;40;14,03 €;2;0,00
10879;65;16,01 €;2;0,00
10879;76;13,72 €;2;0,00
10880;23;6,86 €;1;0,20
10880;61;21,65 €;1;0,20
10880;70;11,43 €;2;0,20
10881;73;11,43 €;2;0,00
10882;42;10,67 €;1;0,00
10882;49;15,24 €;1;0,15
10882;54;5,64 €;1;0,15
10883;24;3,35 €;2;0,00
10884;21;7,62 €;1;0,05
10884;56;28,97 €;1;0,05
10884;65;16,01 €;2;0,05
10885;2;14,48 €;1;0,00
10885;24;3,35 €;2;0,00
10885;70;11,43 €;1;0,00
10885;77;9,91 €;1;0,00
10886;10;23,63 €;2;0,00
10886;31;9,45 €;1;0,00
10886;77;9,91 €;1;0,00
10887;25;10,67 €;2;0,00
10888;2;14,48 €;1;0,00
10888;68;9,45 €;2;0,00
10889;11;16,01 €;1;0,00
10889;38;200,93 €;1;0,00
10890;17;29,73 €;2;0,00
10890;34;10,67 €;2;0,00
10890;41;7,32 €;2;0,00
10891;30;19,67 €;2;0,05
10892;59;41,92 €;1;0,05
10893;8;30,49 €;1;0,00
10893;24;3,35 €;2;0,00
10893;29;94,37 €;1;0,00
10893;30;19,67 €;1;0,00
10893;36;14,48 €;1;0,00
10894;13;4,57 €;1;0,05
10894;69;27,44 €;2;0,05
10894;75;5,95 €;2;0,05
10895;24;3,35 €;2;0,00
10895;39;13,72 €;1;0,00
10895;40;14,03 €;2;0,00
10895;60;25,92 €;2;0,00
10896;45;7,32 €;2;0,00
10896;56;28,97 €;2;0,00
10897;29;94,37 €;2;0,00
10897;30;19,67 €;1;0,00
10898;13;4,57 €;2;0,00
10899;39;13,72 €;2;0,15
10900;70;11,43 €;2;0,25
10901;41;7,32 €;1;0,00
10901;71;16,46 €;1;0,00
10902;55;18,29 €;1;0,15
10902;62;37,50 €;2;0,15
10903;13;4,57 €;1;0,00
10903;65;16,01 €;1;0,00
10903;68;9,45 €;1;0,00
10904;58;10,06 €;2;0,00
10904;62;37,50 €;1;0,00
10905;1;13,72 €;1;0,05
10906;61;21,65 €;2;0,00
10907;75;5,95 €;2;0,00
10908;7;22,87 €;1;0,05
10908;52;5,34 €;2;0,05
10909;7;22,87 €;2;0,00
10909;16;13,26 €;2;0,00
10909;41;7,32 €;2;0,00
10910;19;7,01 €;2;0,00
10910;49;15,24 €;2;0,00
10910;61;21,65 €;2;0,00
10911;1;13,72 €;2;0,00
10911;17;29,73 €;2;0,00
10911;67;10,67 €;2;0,00
10912;11;16,01 €;1;0,25
10912;29;94,37 €;2;0,25
10913;4;16,77 €;1;0,25
10913;33;1,83 €;1;0,25
10913;58;10,06 €;2;0,00
10914;71;16,46 €;1;0,00
10915;17;29,73 €;2;0,00
10915;33;1,83 €;1;0,00
10915;54;5,64 €;2;0,00
10916;16;13,26 €;2;0,00
10916;32;24,39 €;2;0,00
10916;57;14,94 €;1;0,00
10917;30;19,67 €;1;0,00
10917;60;25,92 €;2;0,00
10918;1;13,72 €;2;0,25
10918;60;25,92 €;1;0,25
10919;16;13,26 €;1;0,00
10919;25;10,67 €;1;0,00
10919;40;14,03 €;1;0,00
10920;50;12,35 €;1;0,00
10921;35;13,72 €;2;0,00
10921;63;33,54 €;1;0,00
10922;17;29,73 €;2;0,00
10922;24;3,35 €;1;0,00
10923;42;10,67 €;2;0,20
10923;43;35,06 €;2;0,20
10923;67;10,67 €;1;0,20
10924;10;23,63 €;1;0,10
10924;28;34,76 €;1;0,10
10924;75;5,95 €;2;0,00
10925;36;14,48 €;1;0,15
10925;52;5,34 €;2;0,15
10926;11;16,01 €;2;0,00
10926;13;4,57 €;2;0,00
10926;19;7,01 €;2;0,00
10926;72;26,53 €;2;0,00
10927;20;61,74 €;2;0,00
10927;52;5,34 €;2;0,00
10927;76;13,72 €;1;0,00
10928;47;7,32 €;2;0,00
10928;76;13,72 €;2;0,00
10929;21;7,62 €;2;0,00
10929;75;5,95 €;1;0,00
10929;77;9,91 €;2;0,00
10930;21;7,62 €;1;0,00
10930;27;33,54 €;1;0,00
10930;55;18,29 €;1;0,20
10930;58;10,06 €;1;0,20
10931;13;4,57 €;1;0,15
10931;57;14,94 €;1;0,00
10932;16;13,26 €;1;0,10
10932;62;37,50 €;2;0,10
10932;72;26,53 €;2;0,00
10932;75;5,95 €;1;0,10
10933;53;25,00 €;2;0,00
10933;61;21,65 €;1;0,00
10934;6;19,06 €;1;0,00
10935;1;13,72 €;1;0,00
10935;18;47,56 €;2;0,25
10935;23;6,86 €;2;0,25
10936;36;14,48 €;1;0,20
10937;28;34,76 €;2;0,00
10937;34;10,67 €;1;0,00
10938;13;4,57 €;1;0,25
10938;43;35,06 €;1;0,25
10938;60;25,92 €;1;0,25
10938;71;16,46 €;1;0,25
10939;2;14,48 €;2;0,15
10939;67;10,67 €;1;0,15
10940;7;22,87 €;2;0,00
10940;13;4,57 €;1;0,00
10941;31;9,45 €;1;0,25
10941;62;37,50 €;1;0,25
10941;68;9,45 €;2;0,25
10941;72;26,53 €;2;0,00
10942;49;15,24 €;1;0,00
10943;13;4,57 €;2;0,00
10943;22;16,01 €;1;0,00
10943;46;9,15 €;2;0,00
10944;11;16,01 €;2;0,25
10944;44;14,79 €;2;0,25
10944;56;28,97 €;2;0,00
10945;13;4,57 €;1;0,00
10945;31;9,45 €;2;0,00
10946;10;23,63 €;1;0,00
10946;24;3,35 €;1;0,00
10946;77;9,91 €;1;0,00
10947;59;41,92 €;2;0,00
10948;50;12,35 €;2;0,00
10948;51;40,40 €;1;0,00
10948;55;18,29 €;2;0,00
10949;6;19,06 €;2;0,00
10949;10;23,63 €;1;0,00
10949;17;29,73 €;2;0,00
10949;62;37,50 €;2;0,00
10950;4;16,77 €;2;0,00
10951;33;1,83 €;2;0,05
10951;41;7,32 €;2;0,05
10951;75;5,95 €;2;0,05
10952;6;19,06 €;2;0,05
10952;28;34,76 €;2;0,00
10953;20;61,74 €;2;0,05
10953;31;9,45 €;2;0,05
10954;16;13,26 €;1;0,15
10954;31;9,45 €;1;0,15
10954;45;7,32 €;1;0,00
10954;60;25,92 €;1;0,15
10955;75;5,95 €;2;0,20
10956;21;7,62 €;2;0,00
10956;47;7,32 €;2;0,00
10956;51;40,40 €;2;0,00
10957;30;19,67 €;1;0,00
10957;35;13,72 €;1;0,00
10957;64;25,31 €;2;0,00
10958;5;16,31 €;1;0,00
10958;7;22,87 €;2;0,00
10958;72;26,53 €;2;0,00
10959;75;5,95 €;1;0,15
10960;24;3,35 €;2;0,25
10960;41;7,32 €;1;0,00
10961;52;5,34 €;2;0,05
10961;76;13,72 €;2;0,00
10962;7;22,87 €;1;0,00
10962;13;4,57 €;2;0,00
10962;53;25,00 €;1;0,00
10962;69;27,44 €;2;0,00
10962;76;13,72 €;1;0,00
10963;60;25,92 €;2;0,15
10964;18;47,56 €;2;0,00
10964;38;200,93 €;2;0,00
10964;69;27,44 €;2;0,00
10965;51;40,40 €;2;0,00
10966;37;19,82 €;2;0,00
10966;56;28,97 €;2;0,15
10966;62;37,50 €;2;0,15
10967;19;7,01 €;2;0,00
10967;49;15,24 €;1;0,00
10968;12;28,97 €;1;0,00
10968;24;3,35 €;1;0,00
10968;64;25,31 €;2;0,00
10969;46;9,15 €;2;0,00
10970;52;5,34 €;1;0,20
10971;29;94,37 €;2;0,00
10972;17;29,73 €;2;0,00
10972;33;1,83 €;2;0,00
10973;26;23,78 €;2;0,00
10973;41;7,32 €;2;0,00
10973;75;5,95 €;2;0,00
10974;63;33,54 €;2;0,00
10975;8;30,49 €;2;0,00
10975;75;5,95 €;2;0,00
10976;28;34,76 €;1;0,00
10977;39;13,72 €;1;0,00
10977;47;7,32 €;1;0,00
10977;51;40,40 €;2;0,00
10977;63;33,54 €;1;0,00
10978;8;30,49 €;1;0,15
10978;21;7,62 €;1;0,15
10978;40;14,03 €;2;0,00
10978;44;14,79 €;2;0,15
10979;7;22,87 €;2;0,00
10979;12;28,97 €;1;0,00
10979;24;3,35 €;2;0,00
10979;27;33,54 €;1;0,00
10979;31;9,45 €;1;0,00
10979;63;33,54 €;1;0,00
10980;75;5,95 €;1;0,20
10981;38;200,93 €;2;0,00
10982;7;22,87 €;1;0,00
10982;43;35,06 €;2;0,00
10983;13;4,57 €;2;0,15
10983;57;14,94 €;2;0,00
10984;16;13,26 €;2;0,00
10984;24;3,35 €;1;0,00
10984;36;14,48 €;1;0,00
10985;16;13,26 €;1;0,10
10985;18;47,56 €;2;0,10
10985;32;24,39 €;1;0,10
10986;11;16,01 €;1;0,00
10986;20;61,74 €;2;0,00
10986;76;13,72 €;2;0,00
10986;77;9,91 €;2;0,00
10987;7;22,87 €;2;0,00
10987;43;35,06 €;2;0,00
10987;72;26,53 €;1;0,00
10988;7;22,87 €;2;0,00
10988;62;37,50 €;1;0,10
10989;6;19,06 €;1;0,00
10989;11;16,01 €;2;0,00
10989;41;7,32 €;2;0,00
10990;21;7,62 €;2;0,00
10990;34;10,67 €;2;0,15
10990;55;18,29 €;2;0,15
10990;61;21,65 €;2;0,15
10991;2;14,48 €;2;0,20
10991;70;11,43 €;1;0,20
10991;76;13,72 €;2;0,20
10992;72;26,53 €;2;0,00
10993;29;94,37 €;2;0,25
10993;41;7,32 €;1;0,25
10994;59;41,92 €;2;0,05
10995;51;40,40 €;1;0,00
10995;60;25,92 €;2;0,00
10996;42;10,67 €;1;0,00
10997;32;24,39 €;2;0,00
10997;46;9,15 €;1;0,25
10997;52;5,34 €;1;0,25
10998;24;3,35 €;2;0,00
10998;61;21,65 €;2;0,00
10998;74;7,62 €;1;0,00
10998;75;5,95 €;1;0,00
10999;41;7,32 €;1;0,05
10999;51;40,40 €;2;0,05
10999;77;9,91 €;1;0,05
11000;4;16,77 €;1;0,25
11000;24;3,35 €;1;0,25
11000;77;9,91 €;1;0,00
11001;7;22,87 €;2;0,00
11001;22;16,01 €;1;0,00
11001;46;9,15 €;1;0,00
11001;55;18,29 €;2;0,00
11002;13;4,57 €;2;0,00
11002;35;13,72 €;2;0,15
11002;42;10,67 €;1;0,15
11002;55;18,29 €;1;0,00
11003;1;13,72 €;2;0,00
11003;40;14,03 €;2;0,00
11003;52;5,34 €;2;0,00
11004;26;23,78 €;2;0,00
11004;76;13,72 €;2;0,00
11005;1;13,72 €;2;0,00
11005;59;41,92 €;2;0,00
11006;1;13,72 €;2;0,00
11006;29;94,37 €;2;0,25
11007;8;30,49 €;1;0,00
11007;29;94,37 €;2;0,00
11007;42;10,67 €;2;0,00
11008;28;34,76 €;2;0,05
11008;34;10,67 €;2;0,05
11008;71;16,46 €;1;0,00
11009;24;3,35 €;2;0,00
11009;36;14,48 €;2;0,25
11009;60;25,92 €;2;0,00
11010;7;22,87 €;1;0,00
11010;24;3,35 €;2;0,00
11011;58;10,06 €;1;0,05
11011;71;16,46 €;1;0,00
11012;19;7,01 €;2;0,05
11012;60;25,92 €;1;0,05
11012;71;16,46 €;2;0,05
11013;23;6,86 €;2;0,00
11013;42;10,67 €;2;0,00
11013;45;7,32 €;1;0,00
11013;68;9,45 €;2;0,00
11014;41;7,32 €;1;0,10
11015;30;19,67 €;2;0,00
11015;77;9,91 €;2;0,00
11016;31;9,45 €;2;0,00
11016;36;14,48 €;2;0,00
11017;3;7,62 €;1;0,00
11017;59;41,92 €;2;0,00
11017;70;11,43 €;1;0,00
11018;12;28,97 €;1;0,00
11018;18;47,56 €;2;0,00
11018;56;28,97 €;2;0,00
11019;46;9,15 €;2;0,00
11019;49;15,24 €;2;0,00
11020;10;23,63 €;1;0,15
11021;2;14,48 €;2;0,25
11021;20;61,74 €;2;0,00
11021;26;23,78 €;2;0,00
11021;51;40,40 €;1;0,25
11021;72;26,53 €;1;0,00
11022;19;7,01 €;1;0,00
11022;69;27,44 €;1;0,00
11023;7;22,87 €;2;0,00
11023;43;35,06 €;1;0,00
11024;26;23,78 €;2;0,00
11024;33;1,83 €;1;0,00
11024;65;16,01 €;1;0,00
11024;71;16,46 €;2;0,00
11025;1;13,72 €;2;0,10
11025;13;4,57 €;1;0,10
11026;18;47,56 €;2;0,00
11026;51;40,40 €;2;0,00
11027;24;3,35 €;1;0,25
11027;62;37,50 €;1;0,25
11028;55;18,29 €;1;0,00
11028;59;41,92 €;1;0,00
11029;56;28,97 €;1;0,00
11029;63;33,54 €;2;0,00
11030;2;14,48 €;2;0,25
11030;5;16,31 €;2;0,00
11030;29;94,37 €;2;0,25
11030;59;41,92 €;2;0,25
11031;1;13,72 €;1;0,00
11031;13;4,57 €;2;0,00
11031;24;3,35 €;1;0,00
11031;64;25,31 €;1;0,00
11031;71;16,46 €;2;0,00
11032;36;14,48 €;1;0,00
11032;38;200,93 €;1;0,00
11032;59;41,92 €;1;0,00
11033;53;25,00 €;2;0,10
11033;69;27,44 €;1;0,10
11034;21;7,62 €;2;0,10
11034;44;14,79 €;2;0,00
11034;61;21,65 €;2;0,00
11035;1;13,72 €;2;0,00
11035;35;13,72 €;2;0,00
11035;42;10,67 €;1;0,00
11035;54;5,64 €;2;0,00
11036;13;4,57 €;2;0,00
11036;59;41,92 €;1;0,00
11037;70;11,43 €;2;0,00
11038;40;14,03 €;2;0,20
11038;52;5,34 €;2;0,00
11038;71;16,46 €;1;0,00
11039;28;34,76 €;1;0,00
11039;35;13,72 €;1;0,00
11039;49;15,24 €;2;0,00
11039;57;14,94 €;1;0,00
11040;21;7,62 €;1;0,00
11041;2;14,48 €;1;0,20
11041;63;33,54 €;1;0,00
11042;44;14,79 €;2;0,00
11042;61;21,65 €;2;0,00
11043;11;16,01 €;2;0,00
11044;62;37,50 €;2;0,00
11045;33;1,83 €;2;0,00
11045;51;40,40 €;1;0,00
11046;12;28,97 €;1;0,05
11046;32;24,39 €;2;0,05
11046;35;13,72 €;2;0,05
11047;1;13,72 €;1;0,25
11047;5;16,31 €;1;0,25
11048;68;9,45 €;1;0,00
11049;2;14,48 €;2;0,20
11049;12;28,97 €;2;0,20
11050;76;13,72 €;2;0,10
11051;24;3,35 €;2;0,20
11052;43;35,06 €;1;0,20
11052;61;21,65 €;2;0,20
11053;18;47,56 €;1;0,20
11053;32;24,39 €;1;0,00
11053;64;25,31 €;1;0,20
11054;33;1,83 €;2;0,00
11054;67;10,67 €;1;0,00
11055;24;3,35 €;2;0,00
11055;25;10,67 €;2;0,00
11055;51;40,40 €;1;0,00
11055;57;14,94 €;1;0,00
11056;7;22,87 €;1;0,00
11056;55;18,29 €;1;0,00
11056;60;25,92 €;2;0,00
11057;70;11,43 €;2;0,00
11058;21;7,62 €;2;0,00
11058;60;25,92 €;1;0,00
11058;61;21,65 €;2;0,00
11059;13;4,57 €;1;0,00
11059;17;29,73 €;2;0,00
11059;60;25,92 €;1;0,00
11060;60;25,92 €;2;0,00
11060;77;9,91 €;2;0,00
11061;60;25,92 €;2;0,00
11062;53;25,00 €;2;0,20
11062;70;11,43 €;2;0,20
11063;34;10,67 €;1;0,00
11063;40;14,03 €;1;0,10
11063;41;7,32 €;1;0,10
11064;17;29,73 €;2;0,10
11064;41;7,32 €;2;0,00
11064;53;25,00 €;1;0,10
11064;55;18,29 €;2;0,10
11064;68;9,45 €;2;0,00
11065;30;19,67 €;2;0,25
11065;54;5,64 €;1;0,25
11066;16;13,26 €;2;0,00
11066;19;7,01 €;1;0,00
11066;34;10,67 €;1;0,00
11067;41;7,32 €;2;0,00
11068;28;34,76 €;2;0,15
11068;43;35,06 €;1;0,15
11068;77;9,91 €;1;0,15
11069;39;13,72 €;1;0,00
11070;1;13,72 €;1;0,15
11070;2;14,48 €;1;0,15
11070;16;13,26 €;1;0,15
11070;31;9,45 €;1;0,00
11071;7;22,87 €;2;0,05
11071;13;4,57 €;2;0,05
11072;2;14,48 €;2;0,00
11072;41;7,32 €;1;0,00
11072;50;12,35 €;1;0,00
11072;64;25,31 €;2;0,00
11073;11;16,01 €;2;0,00
11073;24;3,35 €;1;0,00
11074;16;13,26 €;2;0,05
11075;2;14,48 €;2;0,15
11075;46;9,15 €;1;0,15
11075;76;13,72 €;2;0,15
11076;6;19,06 €;1;0,25
11076;14;17,68 €;1;0,25
11076;19;7,01 €;2;0,25
11077;2;14,48 €;1;0,20
11077;3;7,62 €;2;0,00
11077;4;16,77 €;1;0,00
11077;6;19,06 €;1;0,02
11077;7;22,87 €;1;0,05
11077;8;30,49 €;2;0,10
11077;10;23,63 €;1;0,00
11077;12;28,97 €;2;0,05
11077;13;4,57 €;2;0,00
11077;14;17,68 €;1;0,03
11077;16;13,26 €;2;0,03
11077;20;61,74 €;1;0,04
11077;23;6,86 €;2;0,00
11077;32;24,39 €;1;0,00
11077;39;13,72 €;2;0,05
11077;41;7,32 €;2;0,00
11077;46;9,15 €;2;0,02
11077;52;5,34 €;2;0,00
11077;55;18,29 €;2;0,00
11077;60;25,92 €;2;0,06
11077;64;25,31 €;2;0,03
11077;66;12,96 €;1;0,00
11077;73;11,43 €;2;0,01
11077;75;5,95 €;2;0,00
11077;77;9,91 €;2;0,00
11078;14;17,72 €;1;0,00
11078;48;9,72 €;2;0,05
11078;58;14,48 €;2;0,00
11079;48;9,72 €;2;0,00
11080;27;21,72 €;1;0,00
11080;38;26,53 €;2;0,00
11081;48;9,72 €;2;0,00
11082;4;16,77 €;1;0,00
11082;44;14,83 €;2;0,00
